
DROP TABLE IF EXISTS `property_user`;
DROP TABLE IF EXISTS `enquire`;
DROP TABLE IF EXISTS `property_value`;
DROP TABLE IF EXISTS `file`;
DROP TABLE IF EXISTS `qa_lang`;
DROP TABLE IF EXISTS `qa`;
DROP TABLE IF EXISTS `rates_lang`;
DROP TABLE IF EXISTS `rates`;
DROP TABLE IF EXISTS `reservations`;
DROP TABLE IF EXISTS `showroom_lang`;
DROP TABLE IF EXISTS `showroom`;
DROP TABLE IF EXISTS `page_lang`;
DROP TABLE IF EXISTS `option_lang`;
DROP TABLE IF EXISTS `ci_sessions`;
DROP TABLE IF EXISTS `language`;
DROP TABLE IF EXISTS `option`;
DROP TABLE IF EXISTS `page`;
DROP TABLE IF EXISTS `property`;
DROP TABLE IF EXISTS `repository`;
DROP TABLE IF EXISTS `settings`;
DROP TABLE IF EXISTS `slideshow`;
DROP TABLE IF EXISTS `user`;
DROP TABLE IF EXISTS `ads`;
DROP TABLE IF EXISTS `packages`;
DROP TABLE IF EXISTS `payments`;
DROP TABLE IF EXISTS `masking`;
DROP TABLE IF EXISTS `reviews`;
DROP TABLE IF EXISTS `backup`;

DROP TABLE IF EXISTS `ads`;
CREATE TABLE IF NOT EXISTS `ads` (
  `id` int(11) NOT NULL AUTO_INCREMENT,
  `code` varchar(45) COLLATE utf8_unicode_ci DEFAULT NULL,
  `title` varchar(45) COLLATE utf8_unicode_ci DEFAULT NULL,
  `type` varchar(45) COLLATE utf8_unicode_ci DEFAULT NULL,
  `description` varchar(45) COLLATE utf8_unicode_ci DEFAULT NULL,
  `width` varchar(15) COLLATE utf8_unicode_ci DEFAULT NULL,
  `height` varchar(15) COLLATE utf8_unicode_ci DEFAULT NULL,
  `link` varchar(160) COLLATE utf8_unicode_ci DEFAULT NULL,
  `repository_id` int(11) DEFAULT NULL,
  `is_activated` tinyint(1) DEFAULT '1',
  `is_hardlocked` tinyint(1) DEFAULT '0',
  `is_random` tinyint(1) DEFAULT '0',
  PRIMARY KEY (`id`)
) ENGINE=InnoDB  DEFAULT CHARSET=utf8 COLLATE=utf8_unicode_ci AUTO_INCREMENT=5 ;

INSERT INTO `ads` (`id`, `code`, `title`, `type`, `description`, `width`, `height`, `link`, `repository_id`, `is_activated`, `is_hardlocked`, `is_random`) VALUES
(1, 'Leaderboard', 'Jira', '2', 'Leaderboard banner 728x90', '728', '90', 'https://www.atlassian.com', 235, 1, 0, 1),
(3, '0', 'Volkswagen Golf', '1', 'Volkswagen Golf banner', '0', '0', 'http://en.wikipedia.org/wiki/Volkswagen_Golf', 238, 1, 0, 1),
(4, NULL, 'webtechcon', '0', 'webtechcon', NULL, NULL, 'http://webtechcon.de', 239, 1, 0, 1);

DROP TABLE IF EXISTS `backup`;
CREATE TABLE IF NOT EXISTS `backup` (
  `id` int(11) NOT NULL AUTO_INCREMENT,
  `date_created` datetime DEFAULT NULL,
  `sql_file` varchar(160) COLLATE utf8_unicode_ci DEFAULT NULL,
  `zip_file` varchar(160) COLLATE utf8_unicode_ci DEFAULT NULL,
  `script_version` varchar(45) COLLATE utf8_unicode_ci DEFAULT NULL,
  PRIMARY KEY (`id`)
) ENGINE=InnoDB  DEFAULT CHARSET=utf8 COLLATE=utf8_unicode_ci AUTO_INCREMENT=7 ;

DROP TABLE IF EXISTS `ci_sessions`;
CREATE TABLE IF NOT EXISTS `ci_sessions` (
  `session_id` varchar(40) COLLATE utf8_unicode_ci NOT NULL DEFAULT '0',
  `ip_address` varchar(45) COLLATE utf8_unicode_ci NOT NULL DEFAULT '0',
  `user_agent` varchar(120) COLLATE utf8_unicode_ci NOT NULL,
  `last_activity` int(10) unsigned NOT NULL DEFAULT '0',
  `user_data` text COLLATE utf8_unicode_ci NOT NULL,
  PRIMARY KEY (`session_id`),
  KEY `last_activity_idx` (`last_activity`)
) ENGINE=MyISAM DEFAULT CHARSET=utf8 COLLATE=utf8_unicode_ci;


DROP TABLE IF EXISTS `enquire`;
CREATE TABLE IF NOT EXISTS `enquire` (
  `id` int(11) NOT NULL AUTO_INCREMENT,
  `property_id` int(11) DEFAULT NULL,
  `name_surname` varchar(45) COLLATE utf8_unicode_ci DEFAULT NULL,
  `phone` varchar(45) COLLATE utf8_unicode_ci DEFAULT NULL,
  `date` datetime DEFAULT NULL,
  `mail` varchar(45) COLLATE utf8_unicode_ci DEFAULT NULL,
  `message` text COLLATE utf8_unicode_ci,
  `readed` binary(1) DEFAULT '0',
  `address` text COLLATE utf8_unicode_ci,
  `fromdate` varchar(20) COLLATE utf8_unicode_ci DEFAULT NULL,
  `todate` varchar(20) COLLATE utf8_unicode_ci DEFAULT NULL,
  PRIMARY KEY (`id`),
  KEY `fk_enquire_property1` (`property_id`)
) ENGINE=InnoDB  DEFAULT CHARSET=utf8 COLLATE=utf8_unicode_ci AUTO_INCREMENT=6 ;

INSERT INTO `enquire` (`id`, `property_id`, `name_surname`, `phone`, `date`, `mail`, `message`, `readed`, `address`, `fromdate`, `todate`) VALUES
(1, 9, 'Hrvoje Trnovac', '01234433', '2014-02-07 11:10:31', 'info@moj-trnovec.com', 'I want to buy this property', '0', 'Trnovec', '', ''),
(4, 8, 'moj ime', '904214', '2014-07-18 15:09:19', 'info@iwinter.com.hr', 'poruka', '0', 'test', '2014-07-19', '2014-07-26'),
(5, 14, 'Ivana hutinski', '0912343', '2014-09-10 20:06:52', 'ivana@gmail.com', 'moja poruka', '0', 'moja adresa', '0', '0');

DROP TABLE IF EXISTS `file`;
CREATE TABLE IF NOT EXISTS `file` (
  `id` int(11) NOT NULL AUTO_INCREMENT,
  `order` int(11) DEFAULT NULL,
  `filename` varchar(200) COLLATE utf8_unicode_ci DEFAULT NULL,
  `filetype` varchar(45) COLLATE utf8_unicode_ci DEFAULT NULL,
  `repository_id` int(11) NOT NULL,
  PRIMARY KEY (`id`),
  UNIQUE KEY `filename_UNIQUE` (`filename`),
  KEY `fk_file_repository1` (`repository_id`)
) ENGINE=InnoDB  DEFAULT CHARSET=utf8 COLLATE=utf8_unicode_ci AUTO_INCREMENT=157 ;

INSERT INTO `file` (`id`, `order`, `filename`, `filetype`, `repository_id`) VALUES
(1, 1, 'sandi.winter.jpg', 'image/jpeg', 6),
(2, 2, 'agent.jpg', 'image/jpeg', 21),
(15, 10, '386182116_5e4c8542ab_b.jpg', 'image/jpeg', 27),
(16, 11, '386178827_b3f160ebbf_b.jpg', 'image/jpeg', 27),
(17, 12, '386178836_d28b943063_b.jpg', 'image/jpeg', 27),
(18, 13, '386178822_3fef9a2f07_b.jpg', 'image/jpeg', 27),
(19, 14, '431262909_a009e2897b_o.jpg', 'image/jpeg', 28),
(20, 15, '431262907_bf66c3cd6f_o.jpg', 'image/jpeg', 28),
(21, 16, '431262903_9d77804a5b_o.jpg', 'image/jpeg', 28),
(22, 17, '431267985_286ac5c8cd_o.jpg', 'image/jpeg', 28),
(23, 18, '431262910_33356f1671_o.jpg', 'image/jpeg', 28),
(24, 2, '389938915_e18683c4f4_b.jpg', 'image/jpeg', 29),
(25, 1, '389936596_72d6cba1b9_b.jpg', 'image/jpeg', 29),
(26, 3, '389936590_6bcb246b9b_b.jpg', 'image/jpeg', 29),
(27, 4, '389928265_ce3b505a52_b.jpg', 'image/jpeg', 29),
(28, 2, '5388652594_ce85c25084_b.jpg', 'image/jpeg', 30),
(29, 3, '5388046113_48d973bd16_b.jpg', 'image/jpeg', 30),
(30, 4, '5388046911_533d2bcdec_b.jpg', 'image/jpeg', 30),
(31, 5, '5388653730_73ea27ca08_b.jpg', 'image/jpeg', 30),
(32, 1, '5388047921_efc5b357c8_b.jpg', 'image/jpeg', 30),
(33, 2, '5388050983_0bf177bb8a_b.jpg', 'image/jpeg', 31),
(34, 1, '5388050721_b84cf3a0a3_b.jpg', 'image/jpeg', 31),
(35, 3, '5388658660_975a93b2ae_b.jpg', 'image/jpeg', 31),
(36, 5, '5388053335_81ea378b09_b.jpg', 'image/jpeg', 31),
(37, 4, '5388053637_ba77c0b486_b.jpg', 'image/jpeg', 31),
(38, 2, '5388056665_86a3de4d36_b.jpg', 'image/jpeg', 32),
(39, 3, '5388663918_f6767e53d0_b.jpg', 'image/jpeg', 32),
(40, 1, '5388057701_5a618e8a9e_b.jpg', 'image/jpeg', 32),
(41, 4, '5388058111_cbf80b7902_b.jpg', 'image/jpeg', 32),
(42, 5, '5388056843_bdbfb5499a_b.jpg', 'image/jpeg', 32),
(43, 1, '5388050419_e3ef95b8eb_b.jpg', 'image/jpeg', 33),
(44, 2, '576752732_a5c79cbb1f_o.jpg', 'image/jpeg', 33),
(45, 19, '147822442_014fc68a36_o.jpg', 'image/jpeg', 34),
(46, 20, '5388654584_6c1d0f8475_b.jpg', 'image/jpeg', 34),
(47, 21, '5388658984_edb1fcd5a4_b.jpg', 'image/jpeg', 34),
(48, 22, '148583306_cad8fc948c_o.jpg', 'image/jpeg', 35),
(49, 23, '5388054365_288cf72f15_b.jpg', 'image/jpeg', 35),
(50, 24, '5388655270_fbbf78a1f9_b.jpg', 'image/jpeg', 35),
(51, 25, '227963176_2a296e7f0d_o.jpg', 'image/jpeg', 36),
(52, 26, '5388055503_bdfec0a3d5_b.jpg', 'image/jpeg', 36),
(53, 27, '5388661724_e92356d456_b.jpg', 'image/jpeg', 36),
(54, 2, '2407030202_445d617c69_o.jpg', 'image/jpeg', 37),
(55, 3, '5388054707_9e5cd581fe_b.jpg', 'image/jpeg', 37),
(56, 1, '5388052993_efdcb497f3_b.jpg', 'image/jpeg', 37),
(57, 2, '5388051239_00764065f2_b.jpg', 'image/jpeg', 38),
(58, 1, '1199605400_2b897736d1_o.jpg', 'image/jpeg', 38),
(59, 1, '162803672_8244db2362_o.jpg', 'image/jpeg', 39),
(60, 2, '5388656350_fc498d8f1f_b.jpg', 'image/jpeg', 39),
(61, 3, '5388051533_4e871bde69_b.jpg', 'image/jpeg', 39),
(62, 28, '1045323612_33405a7b3a_o.jpg', 'image/jpeg', 25),
(63, 29, '635490851_652a702991_b (1).jpg', 'image/jpeg', 25),
(64, 30, 'agent-lazo.jpg', 'image/jpeg', 184),
(65, 31, 'pero-agent.jpg', 'image/jpeg', 185),
(66, 2, '431267985_286ac5c8cd_o (1).jpg', 'image/jpeg', 197),
(68, 1, '431262903_9d77804a5b_o (1).jpg', 'image/jpeg', 197),
(69, 32, '162803672_8244db2362_o (1).jpg', 'image/jpeg', 199),
(70, 33, '5388656350_fc498d8f1f_b (1).jpg', 'image/jpeg', 199),
(71, 34, '5388051533_4e871bde69_b (1).jpg', 'image/jpeg', 199),
(91, 1, '413539183_cc8e400d9d_o.jpg', 'image/jpeg', 24),
(92, 2, '413539186_5b9d7a1390_o.jpg', 'image/jpeg', 24),
(93, 3, '413539179_0f7a2d340c_o.jpg', 'image/jpeg', 24),
(94, 4, '413539182_ca0a93549d_o.jpg', 'image/jpeg', 24),
(95, 39, '5388658660_975a93b2ae_b (1).jpg', 'image/jpeg', 207),
(96, 40, '5388053335_81ea378b09_b (1).jpg', 'image/jpeg', 207),
(97, 41, '5388053637_ba77c0b486_b (1).jpg', 'image/jpeg', 207),
(98, 42, '5388050721_b84cf3a0a3_b (1).jpg', 'image/jpeg', 208),
(99, 43, '5388050983_0bf177bb8a_b (1).jpg', 'image/jpeg', 208),
(100, 44, '5388050419_e3ef95b8eb_b (1).jpg', 'image/jpeg', 209),
(101, 45, '576752732_a5c79cbb1f_o (1).jpg', 'image/jpeg', 209),
(102, 46, '5388051239_00764065f2_b (1).jpg', 'image/jpeg', 211),
(103, 47, '1199605400_2b897736d1_o (1).jpg', 'image/jpeg', 211),
(104, 48, '501843272_9479110f60_b.jpg', 'image/jpeg', 24),
(105, 1, 'jira-728x90jpg.jpg', 'image/jpeg', 235),
(107, 2, 'feedingamerica_728x90.gif', 'image/gif', 235),
(109, 49, 'creative-banners-volkswagen-golf-australia-launch.jpg', 'image/jpeg', 238),
(110, 50, 'moki-preka-draudimas-180x150px-1.jpg', 'image/jpeg', 239),
(111, 51, 'wtc_promobutton2.jpg', 'image/jpeg', 239),
(112, 52, '5388057701_5a618e8a9e_b (1).jpg', 'image/jpeg', 240),
(113, 53, '5388058111_cbf80b7902_b (1).jpg', 'image/jpeg', 240),
(122, 1, 'wap-logo v2.png', 'image/png', 241),
(123, 2, 'Row-of-New-Ties-in-the-Shop.jpg', 'image/jpeg', 241),
(124, 4, 'aresol-flat-tire-repair.jpg', 'image/jpeg', 241),
(125, 3, 'Tampa-Tire-Repair.jpg', 'image/jpeg', 241),
(126, 54, 'logo-350.png', 'image/png', 243),
(127, 55, '14504018.jpg', 'image/jpeg', 243),
(128, 56, '780354570.jpg', 'image/jpeg', 243),
(129, 57, 'cropped-logo2.png', 'image/png', 244),
(130, 58, 'ar123766726859378.jpg', 'image/jpeg', 244),
(131, 59, 'original.jpg', 'image/jpeg', 244),
(132, 60, 'sellers-market.jpg', 'image/jpeg', 244),
(133, 61, 'CV-example-1.doc', 'application/msword', 21),
(134, 62, 'alogo3.png', 'image/png', 185),
(135, 63, 'apartment-sketch.pdf', 'application/pdf', 29),
(136, 64, 'apartment-sketch (1).pdf', 'application/pdf', 244),
(137, 65, 'cute-baby-wallpapers-4.jpg', 'image/jpeg', 247),
(140, 66, 'adzoo_728x90 (4).gif', 'image/gif', 235),
(150, 67, 'remax.png', 'image/png', 21),
(151, 68, 'alogo4.png', 'image/png', 184),
(153, 1, 'house-interior-m-1.jpg', 'image/jpeg', 22),
(154, 3, 'house-interior-m-2.jpg', 'image/jpeg', 22),
(155, 2, 'house-exterior-m-1.jpg', 'image/jpeg', 22);

DROP TABLE IF EXISTS `language`;
CREATE TABLE IF NOT EXISTS `language` (
  `id` int(11) NOT NULL AUTO_INCREMENT,
  `code` varchar(45) COLLATE utf8_unicode_ci DEFAULT NULL,
  `language` varchar(45) COLLATE utf8_unicode_ci DEFAULT NULL,
  `default` binary(1) DEFAULT '0',
  `is_locked` tinyint(1) DEFAULT '0',
  `is_frontend` tinyint(1) DEFAULT '1',
  `is_rtl` tinyint(1) DEFAULT '0',
  `currency_default` varchar(10) COLLATE utf8_unicode_ci DEFAULT 'USD',
  PRIMARY KEY (`id`),
  UNIQUE KEY `code_UNIQUE` (`code`)
) ENGINE=InnoDB  DEFAULT CHARSET=utf8 COLLATE=utf8_unicode_ci AUTO_INCREMENT=3 ;

INSERT INTO `language` (`id`, `code`, `language`, `default`, `is_locked`, `is_frontend`, `is_rtl`, `currency_default`) VALUES
(1, 'en', 'english', '1', 1, 1, 0, 'USD'),
(2, 'hr', 'croatian', '0', 0, 1, 0, 'USD');

DROP TABLE IF EXISTS `masking`;
CREATE TABLE IF NOT EXISTS `masking` (
  `id` int(11) NOT NULL AUTO_INCREMENT,
  `date_submit` datetime DEFAULT NULL,
  `visitor_type` varchar(45) COLLATE utf8_unicode_ci DEFAULT NULL,
  `name` varchar(45) COLLATE utf8_unicode_ci DEFAULT NULL,
  `phone` varchar(45) COLLATE utf8_unicode_ci DEFAULT NULL,
  `email` varchar(45) COLLATE utf8_unicode_ci DEFAULT NULL,
  `allow_contact` tinyint(1) DEFAULT '0',
  `agent_id` int(11) DEFAULT NULL,
  `property_id` int(11) DEFAULT NULL,
  PRIMARY KEY (`id`)
) ENGINE=InnoDB DEFAULT CHARSET=utf8 COLLATE=utf8_unicode_ci AUTO_INCREMENT=1 ;


DROP TABLE IF EXISTS `option`;
CREATE TABLE IF NOT EXISTS `option` (
  `id` int(11) NOT NULL AUTO_INCREMENT,
  `parent_id` int(11) DEFAULT NULL,
  `order` int(11) DEFAULT NULL,
  `type` varchar(45) COLLATE utf8_unicode_ci DEFAULT NULL,
  `visible` tinyint(1) DEFAULT '0',
  `is_locked` tinyint(1) DEFAULT '0',
  `is_frontend` tinyint(1) DEFAULT '1',
  `is_hardlocked` tinyint(1) DEFAULT '0',
  PRIMARY KEY (`id`)
) ENGINE=InnoDB  DEFAULT CHARSET=utf8 COLLATE=utf8_unicode_ci AUTO_INCREMENT=57 ;

INSERT INTO `option` (`id`, `parent_id`, `order`, `type`, `visible`, `is_locked`, `is_frontend`, `is_hardlocked`) VALUES
(1, 0, 7, 'CATEGORY', 0, 0, 1, 1),
(2, 1, 9, 'DROPDOWN', 1, 1, 1, 1),
(3, 1, 13, 'DROPDOWN', 0, 1, 1, 0),
(4, 1, 8, 'DROPDOWN', 1, 1, 1, 1),
(5, 1, 10, 'INPUTBOX', NULL, 1, 1, 1),
(6, 0, 5, 'DROPDOWN', 0, 1, 1, 1),
(7, 1, 11, 'INPUTBOX', 1, 1, 1, 1),
(8, 0, 2, 'TEXTAREA', 0, 1, 1, 1),
(9, 0, 45, 'CATEGORY', 0, 1, 0, 0),
(10, 0, 1, 'INPUTBOX', 1, 1, 1, 1),
(11, 52, 31, 'CHECKBOX', 0, 1, 1, 0),
(12, 9, 46, 'INPUTBOX', 0, 1, 1, 0),
(17, 0, 3, 'TEXTAREA', 0, 1, 1, 1),
(19, 1, 15, 'INPUTBOX', 0, 1, 1, 0),
(20, 1, 16, 'INPUTBOX', 0, 1, 1, 0),
(21, 0, 22, 'CATEGORY', 0, 1, 1, 1),
(22, 21, 23, 'CHECKBOX', 0, 1, 1, 0),
(23, 21, 24, 'CHECKBOX', 0, 0, 1, 0),
(24, 21, 25, 'CHECKBOX', 0, 0, 1, 0),
(25, 21, 26, 'CHECKBOX', 0, 1, 1, 0),
(26, 21, 18, 'CHECKBOX', 0, 1, 1, 0),
(27, 52, 33, 'CHECKBOX', 0, 1, 1, 0),
(28, 21, 27, 'CHECKBOX', 0, 1, 1, 0),
(29, 21, 28, 'CHECKBOX', 0, 1, 1, 0),
(30, 52, 32, 'CHECKBOX', 0, 1, 1, 0),
(31, 21, 29, 'CHECKBOX', 0, 0, 1, 0),
(32, 52, 35, 'CHECKBOX', 0, 1, 1, 0),
(33, 52, 34, 'CHECKBOX', 0, 1, 1, 0),
(34, 0, 4, 'INPUTBOX', 0, 1, 1, 0),
(35, 0, 26, 'INPUTBOX', 0, 1, 1, 0),
(36, 1, 17, 'INPUTBOX', 0, 1, 1, 1),
(37, 1, 18, 'INPUTBOX', 0, 1, 1, 1),
(38, 0, 4, 'DROPDOWN', 0, 1, 0, 1),
(39, 1, 14, 'DROPDOWN', 0, 0, 1, 0),
(40, 1, 12, 'INPUTBOX', 0, 1, 1, 1),
(41, 1, 16, 'CHECKBOX', 0, 0, 0, 0),
(42, 0, 47, 'CATEGORY', 0, 1, 0, 0),
(43, 0, 36, 'CATEGORY', 0, 1, 1, 1),
(44, 43, 37, 'INPUTBOX', 0, 1, 1, 0),
(45, 43, 38, 'INPUTBOX', 0, 1, 1, 0),
(46, 43, 39, 'INPUTBOX', 0, 1, 1, 0),
(47, 43, 40, 'INPUTBOX', 0, 1, 1, 0),
(48, 43, 41, 'INPUTBOX', 0, 1, 1, 0),
(49, 43, 42, 'INPUTBOX', 0, 1, 1, 0),
(50, 43, 43, 'INPUTBOX', 0, 1, 1, 0),
(51, 43, 44, 'INPUTBOX', 0, 1, 1, 0),
(52, 0, 30, 'CATEGORY', 0, 1, 1, 1),
(53, 1, 21, 'INPUTBOX', 0, 0, 1, 0),
(54, 1, 20, 'DROPDOWN', 0, 1, 1, 1),
(55, 1, 19, 'INPUTBOX', 0, 1, 1, 0),
(56, 0, 6, 'DROPDOWN', 0, 1, 0, 1);

DROP TABLE IF EXISTS `option_lang`;
CREATE TABLE IF NOT EXISTS `option_lang` (
  `id_option_lang` int(11) NOT NULL AUTO_INCREMENT,
  `option_id` int(11) NOT NULL,
  `language_id` int(11) NOT NULL,
  `option` varchar(100) COLLATE utf8_unicode_ci DEFAULT NULL,
  `values` text COLLATE utf8_unicode_ci,
  `prefix` varchar(15) COLLATE utf8_unicode_ci DEFAULT NULL,
  `suffix` varchar(15) COLLATE utf8_unicode_ci DEFAULT NULL,
  PRIMARY KEY (`id_option_lang`),
  UNIQUE KEY `id_UNIQUE` (`id_option_lang`),
  KEY `fk_option_lang_language1` (`language_id`),
  KEY `fk_option_lang_option1` (`option_id`)
) ENGINE=InnoDB  DEFAULT CHARSET=utf8 COLLATE=utf8_unicode_ci AUTO_INCREMENT=325 ;

INSERT INTO `option_lang` (`id_option_lang`, `option_id`, `language_id`, `option`, `values`, `prefix`, `suffix`) VALUES
(21, 5, 1, 'County', '', NULL, NULL),
(22, 5, 2, 'Županija', '', NULL, NULL),
(62, 7, 2, 'Grad', '', NULL, NULL),
(63, 7, 1, 'City', '', NULL, NULL),
(81, 11, 2, 'Balkon', '', NULL, NULL),
(82, 11, 1, 'Balcony', '', NULL, NULL),
(86, 19, 1, 'Bathrooms', '', NULL, NULL),
(87, 19, 2, 'Kupaonica', '', NULL, NULL),
(88, 20, 1, 'Bedrooms', '', NULL, NULL),
(89, 20, 2, 'Spavaonica', '', NULL, NULL),
(98, 25, 1, 'Dishwasher', '', NULL, NULL),
(99, 25, 2, 'Perilica suđa', '', NULL, NULL),
(102, 27, 1, 'Grill', '', NULL, NULL),
(103, 27, 2, 'Roštilj', '', NULL, NULL),
(104, 28, 1, 'Heating', '', NULL, NULL),
(105, 28, 2, 'Grijanje', '', NULL, NULL),
(106, 29, 1, 'Internet', '', NULL, NULL),
(107, 29, 2, 'Internet', '', NULL, NULL),
(108, 30, 1, 'Lift', '', NULL, NULL),
(109, 30, 2, 'Dizalo', '', NULL, NULL),
(112, 32, 1, 'Parking', '', NULL, NULL),
(113, 32, 2, 'Parking', '', NULL, NULL),
(114, 33, 1, 'Pool', '', NULL, NULL),
(115, 33, 2, 'Bazen', '', NULL, NULL),
(156, 40, 1, 'Zip code', '', NULL, ''),
(157, 40, 2, 'Poštanski broj', '', NULL, ''),
(160, 23, 1, 'Cable TV', '', NULL, ''),
(161, 23, 2, 'Kabelska TV', '', NULL, ''),
(162, 31, 1, 'Microwave', '', NULL, ''),
(163, 31, 2, 'Mikrovalna', '', NULL, ''),
(164, 24, 1, 'Computer', '', NULL, ''),
(165, 24, 2, 'Računalo', '', NULL, ''),
(180, 1, 1, 'Overview', '', NULL, ''),
(181, 1, 2, 'Osnovni podaci', '', NULL, ''),
(188, 6, 1, 'Icon', 'empty,commercial,house,land,apartment', NULL, ''),
(189, 6, 2, 'Sličica', 'empty,commercial,house,land,apartment', NULL, ''),
(220, 22, 1, 'Air conditioning', '', NULL, ''),
(221, 22, 2, 'Klimatizacija', '', NULL, ''),
(226, 4, 1, 'Purpose', 'Sale,Rent,Sale and Rent', NULL, ''),
(227, 4, 2, 'Namjena', 'Prodaja,Najam,Prodaja i najam', NULL, ''),
(228, 42, 1, 'Hidden amenities', '', NULL, ''),
(229, 42, 2, 'Sakrivene značajke', '', NULL, ''),
(242, 2, 1, 'Type', 'Apartment,House,Land,Commercial property', NULL, ''),
(243, 2, 2, 'Vrsta', 'Stan,Kuća,Zemljište,Poslovni prostor', NULL, ''),
(255, 9, 1, 'Multimedia', '', NULL, ''),
(256, 9, 2, 'Multimedia', '', NULL, ''),
(261, 10, 1, 'Property name', '', NULL, ''),
(262, 10, 2, 'Naziv nekretnine', '', NULL, ''),
(267, 12, 1, 'Embed video code', '', NULL, ''),
(268, 12, 2, 'Integrirani video kod', '', NULL, ''),
(271, 38, 1, 'Badget', 'empty,new,sold,action', NULL, ''),
(272, 38, 2, 'Oznaka', 'empty,novo,prodano,akcija', NULL, ''),
(275, 43, 1, 'Distances', '', '', ''),
(276, 43, 2, 'Udaljenosti', '', '', ''),
(277, 44, 1, 'Beach', '', '', 'm'),
(278, 44, 2, 'Plaže', '', '', 'm'),
(279, 45, 1, 'Train', '', '', 'm'),
(280, 45, 2, 'Vlak', '', '', 'm'),
(281, 46, 1, 'Metro', '', '', 'm'),
(282, 46, 2, 'Podzemna', '', '', 'm'),
(283, 47, 1, 'Bus', '', '', 'm'),
(284, 47, 2, 'autobus', '', '', 'm'),
(285, 48, 1, 'Pharmacies', '', '', 'm'),
(286, 48, 2, 'Ljekarna', '', '', 'm'),
(287, 49, 1, 'Bakery', '', '', 'm'),
(288, 49, 2, 'Pekara', '', '', 'm'),
(289, 50, 1, 'Restourant', '', '', 'm'),
(290, 50, 2, 'Restoran', '', '', 'm'),
(291, 51, 1, 'Coffee shop', '', '', 'm'),
(292, 51, 2, 'kafić', '', '', 'm'),
(293, 21, 1, 'Indoor amenities', '', '', ''),
(294, 21, 2, 'Pogodnosti unutrašnjosti', '', '', ''),
(295, 52, 1, 'Outdoor amenities', '', '', ''),
(296, 52, 2, 'Vanjske pogodnosti', '', '', ''),
(297, 53, 1, 'Floor', '', '', ''),
(298, 53, 2, 'Kat', '', '', ''),
(299, 39, 1, 'Energy efficiency', '-,A++,A+,A,B,C,D,E,F,G,H', '', ''),
(300, 39, 2, 'Energetski razred', '-,A++,A+,A,B,C,D,E,F,G,H', '', ''),
(301, 3, 1, 'Area', 'Less than 50m2,50-100m2,More than 100m2', '', ''),
(302, 3, 2, 'Površina', 'Manje od 50m2,50-100m2,Više od 100m2', '', ''),
(303, 17, 1, 'Description long', '', '', ''),
(304, 17, 2, 'Sadržaj dulji', '', '', ''),
(305, 8, 1, 'Description short', '', '', ''),
(306, 8, 2, 'Opis ukratko', '', '', ''),
(307, 36, 1, 'Sale price', '', '$', ''),
(308, 36, 2, 'Prodajna cijena', '', '', '€'),
(313, 55, 1, 'Rent price (incl.)', '', '$', ''),
(314, 55, 2, 'Cijena najma (režije)', '', '', '€'),
(315, 54, 1, 'Ownership', 'Agent,Owner,Builder', '', ''),
(316, 54, 2, 'Vlasništvo', 'Agent,Vlasnik,Izvođač', '', ''),
(317, 37, 1, 'Rent price (excl.)', '', '$', ''),
(318, 37, 2, 'Cijena najma', '', '', '€'),
(323, 56, 1, 'Pro rating', ',1,2,3,4,5', '', ''),
(324, 56, 2, 'Pro ocjena', ',1,2,3,4,5', '', '');

DROP TABLE IF EXISTS `packages`;
CREATE TABLE IF NOT EXISTS `packages` (
  `id` int(11) NOT NULL AUTO_INCREMENT,
  `date_created` datetime DEFAULT NULL,
  `date_modified` datetime DEFAULT NULL,
  `package_name` varchar(60) COLLATE utf8_unicode_ci DEFAULT NULL COMMENT 'FREE\nBASIC\nPREMIUM\n',
  `package_price` decimal(10,2) DEFAULT NULL,
  `package_days` int(11) DEFAULT '0',
  `num_listing_limit` int(11) DEFAULT '0',
  `currency_code` varchar(45) COLLATE utf8_unicode_ci DEFAULT 'USD',
  PRIMARY KEY (`id`)
) ENGINE=InnoDB  DEFAULT CHARSET=utf8 COLLATE=utf8_unicode_ci AUTO_INCREMENT=4 ;

INSERT INTO `packages` (`id`, `date_created`, `date_modified`, `package_name`, `package_price`, `package_days`, `num_listing_limit`, `currency_code`) VALUES
(1, '2014-06-05 21:19:57', '2014-06-06 12:19:39', 'Free', '0.00', 0, 1, 'USD'),
(2, '2014-06-05 21:19:57', NULL, 'Basic', '10.00', 30, 10, 'USD'),
(3, '2014-06-05 21:19:57', '2014-06-05 21:19:57', 'Premium', '20.00', 30, 40, 'USD');

DROP TABLE IF EXISTS `page`;
CREATE TABLE IF NOT EXISTS `page` (
  `id` int(11) NOT NULL AUTO_INCREMENT,
  `parent_id` int(11) DEFAULT NULL,
  `order` int(11) DEFAULT NULL,
  `type` varchar(45) COLLATE utf8_unicode_ci NOT NULL DEFAULT '',
  `date` datetime DEFAULT NULL,
  `date_publish` datetime DEFAULT NULL,
  `template` varchar(100) COLLATE utf8_unicode_ci DEFAULT NULL,
  `slug` varchar(160) COLLATE utf8_unicode_ci DEFAULT NULL,
  `repository_id` int(11) DEFAULT NULL,
  `is_visible` tinyint(1) DEFAULT '1',
  `is_private` tinyint(1) DEFAULT '0',
  PRIMARY KEY (`id`)
) ENGINE=InnoDB  DEFAULT CHARSET=utf8 COLLATE=utf8_unicode_ci AUTO_INCREMENT=170 ;

INSERT INTO `page` (`id`, `parent_id`, `order`, `type`, `date`, `date_publish`, `template`, `slug`, `repository_id`, `is_visible`, `is_private`) VALUES
(1, 0, 1, 'PAGE', NULL, NULL, 'page_homepage-filters', NULL, 40, 1, 0),
(2, 5, 10, '', NULL, NULL, 'page_sale', NULL, 187, 1, 0),
(3, 5, 9, 'PAGE', NULL, NULL, 'page_rent', NULL, 26, 1, 0),
(4, 0, 20, '', NULL, NULL, 'page_contact', NULL, 25, 1, 0),
(5, 0, 5, 'PAGE', '2013-12-12 16:01:35', NULL, 'page_agents', NULL, 24, 1, 0),
(6, 0, 2, 'PAGE', '2013-12-29 12:06:05', NULL, 'page_homepage', NULL, 182, 1, 0),
(142, 5, 6, 'PAGE', '2014-01-04 22:19:49', NULL, 'page_news', NULL, 183, 1, 0),
(143, 5, 8, '', '2014-02-10 10:54:19', NULL, 'page_customsearch', NULL, 199, 1, 0),
(144, 5, 11, '', '2014-02-20 16:16:30', NULL, 'page_rent', NULL, 200, 1, 0),
(145, 5, 7, '', '2014-03-02 11:55:40', NULL, 'page_fullscreen', NULL, 201, 1, 0),
(146, 5, 12, '', '2014-03-15 18:18:13', NULL, 'page_page', NULL, 202, 1, 0),
(147, 0, 4, 'PAGE', '2014-04-05 10:33:02', NULL, 'page_featured', NULL, 203, 1, 0),
(151, 0, 2, 'MODULE_NEWS_CATEGORY', '2014-04-06 16:07:03', NULL, NULL, NULL, NULL, 1, 0),
(152, 0, 1, 'MODULE_NEWS_CATEGORY', '2014-04-06 16:21:32', NULL, NULL, NULL, NULL, 1, 0),
(154, 0, 13, 'MODULE_NEWS_POST', '2014-04-06 20:01:32', '2014-04-09 19:57:33', 'page_page', NULL, 207, 1, 0),
(155, 151, 1, 'MODULE_NEWS_POST', '2014-04-06 20:13:51', '2014-04-08 20:13:05', 'page_news', NULL, 208, 1, 0),
(156, 157, 15, 'ARTICLE', '2014-04-08 17:59:20', '2014-04-08 17:59:20', 'page_page', NULL, 209, 1, 0),
(157, 5, 13, 'PAGE', '2014-04-08 22:08:34', NULL, 'page_articles', NULL, 210, 1, 0),
(158, 157, 14, 'ARTICLE', '2014-04-08 22:30:56', '2014-04-08 22:30:56', 'page_page', NULL, 211, 1, 0),
(159, 151, 1, 'MODULE_NEWS_POST', '2014-04-15 18:37:33', '2014-04-15 18:36:57', 'page_page', NULL, 240, 1, 0),
(160, 5, 16, 'PAGE', '2014-04-27 20:45:54', NULL, 'page_showroom', NULL, 242, 1, 0),
(161, 5, 17, 'PAGE', '2014-05-10 13:27:50', NULL, 'page_expert', NULL, 245, 1, 0),
(162, 5, 18, 'PAGE', '2014-05-20 19:05:57', NULL, 'page_page', NULL, 246, 0, 0),
(163, 5, 19, 'PAGE', '2014-06-30 18:24:25', NULL, 'page_page', NULL, 248, 1, 1),
(164, NULL, NULL, '', NULL, NULL, NULL, NULL, 249, 1, 0),
(165, NULL, NULL, '', NULL, NULL, NULL, NULL, 250, 1, 0),
(166, NULL, NULL, '', NULL, NULL, NULL, NULL, 251, 1, 0),
(167, NULL, NULL, '', NULL, NULL, NULL, NULL, 252, 1, 0),
(168, NULL, NULL, '', NULL, NULL, NULL, NULL, 253, 1, 0),
(169, 0, 3, 'PAGE', '2014-08-01 19:02:31', '2014-08-01 19:02:31', 'page_agents-list', NULL, 255, 1, 0);

DROP TABLE IF EXISTS `page_lang`;
CREATE TABLE IF NOT EXISTS `page_lang` (
  `id_page_lang` int(11) NOT NULL AUTO_INCREMENT,
  `page_id` int(11) NOT NULL,
  `language_id` int(11) NOT NULL,
  `title` varchar(160) COLLATE utf8_unicode_ci DEFAULT NULL,
  `navigation_title` varchar(160) COLLATE utf8_unicode_ci DEFAULT NULL,
  `body` text COLLATE utf8_unicode_ci,
  `description` text COLLATE utf8_unicode_ci,
  `keywords` varchar(200) COLLATE utf8_unicode_ci DEFAULT NULL,
  PRIMARY KEY (`id_page_lang`),
  KEY `fk_page_language1` (`language_id`),
  KEY `fk_page_lang_page1` (`page_id`)
) ENGINE=InnoDB  DEFAULT CHARSET=utf8 COLLATE=utf8_unicode_ci AUTO_INCREMENT=383 ;

INSERT INTO `page_lang` (`id_page_lang`, `page_id`, `language_id`, `title`, `navigation_title`, `body`, `description`, `keywords`) VALUES
(77, 2, 2, 'Prodaja', 'Prodaja', '', '', ''),
(78, 2, 1, 'Sale', 'Sale', '', '', ''),
(109, 4, 1, 'Contact', 'Contact', '<span style="font-weight: bold;">Real estate point</span><br><span style="font-style: italic;"><span style="font-weight: bold;"><span><span>Real Estate Agency</span></span></span></span><br>Ilica 345<br>HR-10000 Zagreb<br><br><span style="font-weight: bold;"><span>Tel:</span></span> +385 (0)1 123 321<br><span style="font-weight: bold;"><span>Fax:</span></span> +385 (0)1 123 322<br><span style="font-weight: bold;"><span>Mail:</span></span> info@info.info', 'Short description', 'Contact'),
(110, 4, 2, 'Kontakt', 'Kontakt', '<span style="font-weight: bold;">Real estate point</span><br><span style="font-style: italic;"><span style="font-weight: bold;"><span><span>Real Estate Agency</span></span></span></span><br>Ilica 345<br>HR-10000 Zagreb<br><br><span style="font-weight: bold;"><span bold;"="">Tel:</span></span> +385 (0)1 123 321<br><span style="font-weight: bold;"><span bold;"="">Fax:</span></span> +385 (0)1 123 322<br><span style="font-weight: bold;"><span bold;"="">Mail:</span></span> info@info.info', 'Kratki opis', 'Kontakt'),
(207, 143, 1, 'Custom search', 'Custom search', 'Custom search example page.<br>', 'Custom search example page', 'Custom search'),
(208, 143, 2, 'Prilagođeni pretraživač', 'Prilagođeni pretraživač', 'Primjer stranice s prilagođenim pretraživačem.<br>', 'Prilagođeni pretraživač', 'Prilagođeni pretraživač'),
(225, 144, 1, 'Sale and Rent', 'Sale and Rent', '<br>', 'Sale and Rent', 'Sale and Rent'),
(226, 144, 2, 'Prodaja i najam', 'Prodaja i najam', '<br>', 'Prodaja i najam', 'Prodaja i najam'),
(235, 145, 1, 'Fullscreen', 'Full', 'Fullscreen<br>', 'Fullscreen', 'Fullscreen'),
(236, 145, 2, 'Puni zaslon', 'Full', 'Puni zaslon', 'Puni zaslon', 'Puni zaslon'),
(261, 146, 1, 'Google link', 'Google link', 'http://www.google.com', 'This is just a link example, so you need enter your link to keywords with ''http''', 'http://www.google.com'),
(262, 146, 2, 'Google link', 'Google link', 'http://www.google.com', 'This is just a link example, so you need enter your link to keywords with ''http''', 'http://www.google.com'),
(285, 152, 1, 'My blog', NULL, NULL, NULL, NULL),
(286, 152, 2, 'Moj blog', NULL, NULL, NULL, NULL),
(301, 151, 1, 'Top news', NULL, NULL, NULL, NULL),
(302, 151, 2, 'Top vijesti', NULL, NULL, NULL, NULL),
(311, 157, 1, 'Articles', 'Articles', '', '', ''),
(312, 157, 2, 'Članci', 'Članci', '', '', ''),
(319, 156, 1, 'Article test', 'Article test', '<p>\r\nLorem ipsum dolor sit amet, consectetur adipiscing elit. Suspendisse \r\nsollicitudin commodo cursus. Nunc varius accumsan ultrices. Quisque \r\nhendrerit mi id ullamcorper pretium. Lorem ipsum dolor sit amet, \r\nconsectetur adipiscing elit. Nam ac metus vitae nibh aliquet adipiscing \r\nquis at nibh. Nullam lacinia magna sed enim ullamcorper rutrum. Proin \r\nquis vulputate est. Duis vitae purus vel mauris rutrum bibendum eu sit \r\namet erat. Vestibulum accumsan dapibus mauris, faucibus vehicula ipsum \r\ntempor pharetra. Sed porta, purus sit amet sollicitudin vestibulum, leo \r\nneque fringilla mauris, quis semper odio ante non arcu. Suspendisse \r\nporttitor mollis nisi, eu imperdiet eros condimentum at. Nunc tempor \r\nsodales suscipit.\r\n</p>\r\n<p>\r\n<span style="font-weight: bold;">Sed sed mollis nunc. Interdum et malesuada fames ac ante ipsum primis in\r\n faucibus. Proin luctus semper eros, quis egestas leo. Pellentesque \r\nrisus felis, vulputate eu massa et, rhoncus molestie dui. Vivamus \r\nmalesuada dui nec cursus lobortis. Donec augue tortor, accumsan id lacus\r\n quis, suscipit ullamcorper dolor. Nunc ullamcorper elit suscipit, \r\nmollis tortor in, pharetra purus. Sed dapibus dolor mauris, quis \r\nelementum arcu auctor id. Maecenas eget orci in lacus vestibulum \r\nvehicula. Pellentesque et felis eget diam hendrerit ultricies. Quisque \r\nsit amet tellus odio. Nulla pharetra turpis non turpis molestie, \r\nsuscipit tincidunt nisl lobortis. In eget porttitor libero. Proin non \r\nbibendum nisi, vitae volutpat nisl. Vivamus pretium scelerisque risus, \r\nnon tristique arcu cursus eu. Cras velit lacus, venenatis ut mi \r\nmalesuada, dapibus viverra nisi.\r\n</span></p>\r\n<p>\r\n<span style="font-style: italic;">Aliquam dapibus lorem vitae leo euismod commodo. Cras porttitor leo \r\neleifend velit malesuada pretium. Praesent ac auctor purus. Mauris \r\nligula ligula, hendrerit at justo in, molestie viverra sapien. In \r\nplacerat sem risus, a convallis massa viverra nec. Vestibulum ante ipsum\r\n primis in faucibus orci luctus et ultrices posuere cubilia Curae; \r\nPraesent ac justo in orci aliquet lacinia ut vitae nibh. Quisque pretium\r\n quam nibh, imperdiet pulvinar ligula dictum id. In a auctor arcu. Fusce\r\n feugiat purus eget odio congue, mollis iaculis nulla tincidunt. Sed nec\r\n massa vulputate, pretium nisi malesuada, lacinia ligula.\r\n</span></p>\r\n<p>\r\nVestibulum eget tempor mauris. Praesent tincidunt enim eu massa \r\ntristique, pellentesque faucibus ipsum pharetra. Sed pulvinar convallis \r\ntortor eget placerat. Duis mattis tempus sollicitudin. Praesent eu porta\r\n libero, sed consectetur risus. Cum sociis natoque penatibus et magnis \r\ndis parturient montes, nascetur ridiculus mus. Duis vulputate, arcu nec \r\ntincidunt lacinia, mi velit malesuada sapien, a commodo lacus lacus sit \r\namet nisl. Donec rhoncus lectus sit amet sem dictum interdum. Vivamus \r\nlobortis tortor fringilla est gravida ultricies. Integer ut mauris quam.\r\n</p>', 'Lorem ipsum dolor sit amet, consectetur adipiscing elit. Suspendisse sollicitudin commodo cursus. Nunc varius accumsan ultrices. Quisque hendrerit mi id ullamcorper pretium. Lorem ipsum dolor sit amet, consectetur adipiscing elit.', 'Article test'),
(320, 156, 2, 'Test članak', 'Test članak', '<p>\r\nLorem ipsum dolor sit amet, consectetur adipiscing elit. Suspendisse \r\nsollicitudin commodo cursus. Nunc varius accumsan ultrices. Quisque \r\nhendrerit mi id ullamcorper pretium. Lorem ipsum dolor sit amet, \r\nconsectetur adipiscing elit. Nam ac metus vitae nibh aliquet adipiscing \r\nquis at nibh. Nullam lacinia magna sed enim ullamcorper rutrum. Proin \r\nquis vulputate est. Duis vitae purus vel mauris rutrum bibendum eu sit \r\namet erat. Vestibulum accumsan dapibus mauris, faucibus vehicula ipsum \r\ntempor pharetra. Sed porta, purus sit amet sollicitudin vestibulum, leo \r\nneque fringilla mauris, quis semper odio ante non arcu. Suspendisse \r\nporttitor mollis nisi, eu imperdiet eros condimentum at. Nunc tempor \r\nsodales suscipit.\r\n</p>\r\n<p>\r\n<span style="font-weight: bold;">Sed sed mollis nunc. Interdum et malesuada fames ac ante ipsum primis in\r\n faucibus. Proin luctus semper eros, quis egestas leo. Pellentesque \r\nrisus felis, vulputate eu massa et, rhoncus molestie dui. Vivamus \r\nmalesuada dui nec cursus lobortis. Donec augue tortor, accumsan id lacus\r\n quis, suscipit ullamcorper dolor. Nunc ullamcorper elit suscipit, \r\nmollis tortor in, pharetra purus. Sed dapibus dolor mauris, quis \r\nelementum arcu auctor id. Maecenas eget orci in lacus vestibulum \r\nvehicula. Pellentesque et felis eget diam hendrerit ultricies. Quisque \r\nsit amet tellus odio. Nulla pharetra turpis non turpis molestie, \r\nsuscipit tincidunt nisl lobortis. In eget porttitor libero. Proin non \r\nbibendum nisi, vitae volutpat nisl. Vivamus pretium scelerisque risus, \r\nnon tristique arcu cursus eu. Cras velit lacus, venenatis ut mi \r\nmalesuada, dapibus viverra nisi.\r\n</span></p>\r\n<p>\r\n<span style="font-style: italic;">Aliquam dapibus lorem vitae leo euismod commodo. Cras porttitor leo \r\neleifend velit malesuada pretium. Praesent ac auctor purus. Mauris \r\nligula ligula, hendrerit at justo in, molestie viverra sapien. In \r\nplacerat sem risus, a convallis massa viverra nec. Vestibulum ante ipsum\r\n primis in faucibus orci luctus et ultrices posuere cubilia Curae; \r\nPraesent ac justo in orci aliquet lacinia ut vitae nibh. Quisque pretium\r\n quam nibh, imperdiet pulvinar ligula dictum id. In a auctor arcu. Fusce\r\n feugiat purus eget odio congue, mollis iaculis nulla tincidunt. Sed nec\r\n massa vulputate, pretium nisi malesuada, lacinia ligula.\r\n</span></p>\r\n<p>\r\nVestibulum eget tempor mauris. Praesent tincidunt enim eu massa \r\ntristique, pellentesque faucibus ipsum pharetra. Sed pulvinar convallis \r\ntortor eget placerat. Duis mattis tempus sollicitudin. Praesent eu porta\r\n libero, sed consectetur risus. Cum sociis natoque penatibus et magnis \r\ndis parturient montes, nascetur ridiculus mus. Duis vulputate, arcu nec \r\ntincidunt lacinia, mi velit malesuada sapien, a commodo lacus lacus sit \r\namet nisl. Donec rhoncus lectus sit amet sem dictum interdum. Vivamus \r\nlobortis tortor fringilla est gravida ultricies. Integer ut mauris quam.\r\n</p>', 'Lorem ipsum dolor sit amet, consectetur adipiscing elit. Suspendisse sollicitudin commodo cursus. Nunc varius accumsan ultrices. Quisque hendrerit mi id ullamcorper pretium. Lorem ipsum dolor sit amet, consectetur adipiscing elit.', 'Test članak'),
(321, 158, 1, 'Test article 2', 'Test article 2', '<p>\r\nLorem ipsum dolor sit amet, consectetur adipiscing elit. Suspendisse \r\nsollicitudin commodo cursus. Nunc varius accumsan ultrices. Quisque \r\nhendrerit mi id ullamcorper pretium. Lorem ipsum dolor sit amet, \r\nconsectetur adipiscing elit. Nam ac metus vitae nibh aliquet adipiscing \r\nquis at nibh. Nullam lacinia magna sed enim ullamcorper rutrum. Proin \r\nquis vulputate est. Duis vitae purus vel mauris rutrum bibendum eu sit \r\namet erat. Vestibulum accumsan dapibus mauris, faucibus vehicula ipsum \r\ntempor pharetra. Sed porta, purus sit amet sollicitudin vestibulum, leo \r\nneque fringilla mauris, quis semper odio ante non arcu. Suspendisse \r\nporttitor mollis nisi, eu imperdiet eros condimentum at. Nunc tempor \r\nsodales suscipit.\r\n</p>\r\n<p>\r\n<span style="font-weight: bold;">Sed sed mollis nunc. Interdum et malesuada fames ac ante ipsum primis in\r\n faucibus. Proin luctus semper eros, quis egestas leo. Pellentesque \r\nrisus felis, vulputate eu massa et, rhoncus molestie dui. Vivamus \r\nmalesuada dui nec cursus lobortis. Donec augue tortor, accumsan id lacus\r\n quis, suscipit ullamcorper dolor. Nunc ullamcorper elit suscipit, \r\nmollis tortor in, pharetra purus. Sed dapibus dolor mauris, quis \r\nelementum arcu auctor id. Maecenas eget orci in lacus vestibulum \r\nvehicula. Pellentesque et felis eget diam hendrerit ultricies. Quisque \r\nsit amet tellus odio. Nulla pharetra turpis non turpis molestie, \r\nsuscipit tincidunt nisl lobortis. In eget porttitor libero. Proin non \r\nbibendum nisi, vitae volutpat nisl. Vivamus pretium scelerisque risus, \r\nnon tristique arcu cursus eu. Cras velit lacus, venenatis ut mi \r\nmalesuada, dapibus viverra nisi.\r\n</span></p>\r\n<p>\r\n<span style="font-style: italic;">Aliquam dapibus lorem vitae leo euismod commodo. Cras porttitor leo \r\neleifend velit malesuada pretium. Praesent ac auctor purus. Mauris \r\nligula ligula, hendrerit at justo in, molestie viverra sapien. In \r\nplacerat sem risus, a convallis massa viverra nec. Vestibulum ante ipsum\r\n primis in faucibus orci luctus et ultrices posuere cubilia Curae; \r\nPraesent ac justo in orci aliquet lacinia ut vitae nibh. Quisque pretium\r\n quam nibh, imperdiet pulvinar ligula dictum id. In a auctor arcu. Fusce\r\n feugiat purus eget odio congue, mollis iaculis nulla tincidunt. Sed nec\r\n massa vulputate, pretium nisi malesuada, lacinia ligula.\r\n</span></p>\r\n<p>\r\nVestibulum eget tempor mauris. Praesent tincidunt enim eu massa \r\ntristique, pellentesque faucibus ipsum pharetra. Sed pulvinar convallis \r\ntortor eget placerat. Duis mattis tempus sollicitudin. Praesent eu porta\r\n libero, sed consectetur risus. Cum sociis natoque penatibus et magnis \r\ndis parturient montes, nascetur ridiculus mus. Duis vulputate, arcu nec \r\ntincidunt lacinia, mi velit malesuada sapien, a commodo lacus lacus sit \r\namet nisl. Donec rhoncus lectus sit amet sem dictum interdum. Vivamus \r\nlobortis tortor fringilla est gravida ultricies. Integer ut mauris quam.\r\n</p>', 'Lorem ipsum dolor sit amet, consectetur adipiscing elit. Suspendisse sollicitudin commodo cursus. Nunc varius accumsan ultrices. Quisque hendrerit mi id ullamcorper pretium. Lorem ipsum dolor sit amet, consectetur adipiscing elit.', 'Test article 2'),
(322, 158, 2, 'Test članak 2', 'Test članak 2', '<p>\r\nLorem ipsum dolor sit amet, consectetur adipiscing elit. Suspendisse \r\nsollicitudin commodo cursus. Nunc varius accumsan ultrices. Quisque \r\nhendrerit mi id ullamcorper pretium. Lorem ipsum dolor sit amet, \r\nconsectetur adipiscing elit. Nam ac metus vitae nibh aliquet adipiscing \r\nquis at nibh. Nullam lacinia magna sed enim ullamcorper rutrum. Proin \r\nquis vulputate est. Duis vitae purus vel mauris rutrum bibendum eu sit \r\namet erat. Vestibulum accumsan dapibus mauris, faucibus vehicula ipsum \r\ntempor pharetra. Sed porta, purus sit amet sollicitudin vestibulum, leo \r\nneque fringilla mauris, quis semper odio ante non arcu. Suspendisse \r\nporttitor mollis nisi, eu imperdiet eros condimentum at. Nunc tempor \r\nsodales suscipit.\r\n</p>\r\n<p>\r\n<span style="font-weight: bold;">Sed sed mollis nunc. Interdum et malesuada fames ac ante ipsum primis in\r\n faucibus. Proin luctus semper eros, quis egestas leo. Pellentesque \r\nrisus felis, vulputate eu massa et, rhoncus molestie dui. Vivamus \r\nmalesuada dui nec cursus lobortis. Donec augue tortor, accumsan id lacus\r\n quis, suscipit ullamcorper dolor. Nunc ullamcorper elit suscipit, \r\nmollis tortor in, pharetra purus. Sed dapibus dolor mauris, quis \r\nelementum arcu auctor id. Maecenas eget orci in lacus vestibulum \r\nvehicula. Pellentesque et felis eget diam hendrerit ultricies. Quisque \r\nsit amet tellus odio. Nulla pharetra turpis non turpis molestie, \r\nsuscipit tincidunt nisl lobortis. In eget porttitor libero. Proin non \r\nbibendum nisi, vitae volutpat nisl. Vivamus pretium scelerisque risus, \r\nnon tristique arcu cursus eu. Cras velit lacus, venenatis ut mi \r\nmalesuada, dapibus viverra nisi.\r\n</span></p>\r\n<p>\r\n<span style="font-style: italic;">Aliquam dapibus lorem vitae leo euismod commodo. Cras porttitor leo \r\neleifend velit malesuada pretium. Praesent ac auctor purus. Mauris \r\nligula ligula, hendrerit at justo in, molestie viverra sapien. In \r\nplacerat sem risus, a convallis massa viverra nec. Vestibulum ante ipsum\r\n primis in faucibus orci luctus et ultrices posuere cubilia Curae; \r\nPraesent ac justo in orci aliquet lacinia ut vitae nibh. Quisque pretium\r\n quam nibh, imperdiet pulvinar ligula dictum id. In a auctor arcu. Fusce\r\n feugiat purus eget odio congue, mollis iaculis nulla tincidunt. Sed nec\r\n massa vulputate, pretium nisi malesuada, lacinia ligula.\r\n</span></p>\r\n<p>\r\nVestibulum eget tempor mauris. Praesent tincidunt enim eu massa \r\ntristique, pellentesque faucibus ipsum pharetra. Sed pulvinar convallis \r\ntortor eget placerat. Duis mattis tempus sollicitudin. Praesent eu porta\r\n libero, sed consectetur risus. Cum sociis natoque penatibus et magnis \r\ndis parturient montes, nascetur ridiculus mus. Duis vulputate, arcu nec \r\ntincidunt lacinia, mi velit malesuada sapien, a commodo lacus lacus sit \r\namet nisl. Donec rhoncus lectus sit amet sem dictum interdum. Vivamus \r\nlobortis tortor fringilla est gravida ultricies. Integer ut mauris quam.\r\n</p>', 'Lorem ipsum dolor sit amet, consectetur adipiscing elit. Suspendisse sollicitudin commodo cursus. Nunc varius accumsan ultrices. Quisque hendrerit mi id ullamcorper pretium. Lorem ipsum dolor sit amet, consectetur adipiscing elit.', 'Test članak 2'),
(323, 154, 1, 'Test news', 'Test news', '<p>\r\nLorem ipsum dolor sit amet, consectetur adipiscing elit. Suspendisse \r\nsollicitudin commodo cursus. Nunc varius accumsan ultrices. Quisque \r\nhendrerit mi id ullamcorper pretium. Lorem ipsum dolor sit amet, \r\nconsectetur adipiscing elit. Nam ac metus vitae nibh aliquet adipiscing \r\nquis at nibh. Nullam lacinia magna sed enim ullamcorper rutrum. Proin \r\nquis vulputate est. Duis vitae purus vel mauris rutrum bibendum eu sit \r\namet erat. Vestibulum accumsan dapibus mauris, faucibus vehicula ipsum \r\ntempor pharetra. Sed porta, purus sit amet sollicitudin vestibulum, leo \r\nneque fringilla mauris, quis semper odio ante non arcu. Suspendisse \r\nporttitor mollis nisi, eu imperdiet eros condimentum at. Nunc tempor \r\nsodales suscipit.\r\n</p>\r\n<p>\r\n<span style="font-weight: bold;">Sed sed mollis nunc. Interdum et malesuada fames ac ante ipsum primis in\r\n faucibus. Proin luctus semper eros, quis egestas leo. Pellentesque \r\nrisus felis, vulputate eu massa et, rhoncus molestie dui. Vivamus \r\nmalesuada dui nec cursus lobortis. Donec augue tortor, accumsan id lacus\r\n quis, suscipit ullamcorper dolor. Nunc ullamcorper elit suscipit, \r\nmollis tortor in, pharetra purus. Sed dapibus dolor mauris, quis \r\nelementum arcu auctor id. Maecenas eget orci in lacus vestibulum \r\nvehicula. Pellentesque et felis eget diam hendrerit ultricies. Quisque \r\nsit amet tellus odio. Nulla pharetra turpis non turpis molestie, \r\nsuscipit tincidunt nisl lobortis. In eget porttitor libero. Proin non \r\nbibendum nisi, vitae volutpat nisl. Vivamus pretium scelerisque risus, \r\nnon tristique arcu cursus eu. Cras velit lacus, venenatis ut mi \r\nmalesuada, dapibus viverra nisi.\r\n</span></p>\r\n<p>\r\n<span style="font-style: italic;">Aliquam dapibus lorem vitae leo euismod commodo. Cras porttitor leo \r\neleifend velit malesuada pretium. Praesent ac auctor purus. Mauris \r\nligula ligula, hendrerit at justo in, molestie viverra sapien. In \r\nplacerat sem risus, a convallis massa viverra nec. Vestibulum ante ipsum\r\n primis in faucibus orci luctus et ultrices posuere cubilia Curae; \r\nPraesent ac justo in orci aliquet lacinia ut vitae nibh. Quisque pretium\r\n quam nibh, imperdiet pulvinar ligula dictum id. In a auctor arcu. Fusce\r\n feugiat purus eget odio congue, mollis iaculis nulla tincidunt. Sed nec\r\n massa vulputate, pretium nisi malesuada, lacinia ligula.\r\n</span></p>\r\n<p>\r\nVestibulum eget tempor mauris. Praesent tincidunt enim eu massa \r\ntristique, pellentesque faucibus ipsum pharetra. Sed pulvinar convallis \r\ntortor eget placerat. Duis mattis tempus sollicitudin. Praesent eu porta\r\n libero, sed consectetur risus. Cum sociis natoque penatibus et magnis \r\ndis parturient montes, nascetur ridiculus mus. Duis vulputate, arcu nec \r\ntincidunt lacinia, mi velit malesuada sapien, a commodo lacus lacus sit \r\namet nisl. Donec rhoncus lectus sit amet sem dictum interdum. Vivamus \r\nlobortis tortor fringilla est gravida ultricies. Integer ut mauris quam.\r\n</p>', 'Lorem ipsum dolor sit amet, consectetur adipiscing elit. Suspendisse sollicitudin commodo cursus. Nunc varius accumsan ultrices. Quisque hendrerit mi id ullamcorper pretium. Lorem ipsum dolor sit amet, consectetur adipiscing elit.', 'Test news'),
(324, 154, 2, 'Test novost', 'Test novost', '<p>\r\nLorem ipsum dolor sit amet, consectetur adipiscing elit. Suspendisse \r\nsollicitudin commodo cursus. Nunc varius accumsan ultrices. Quisque \r\nhendrerit mi id ullamcorper pretium. Lorem ipsum dolor sit amet, \r\nconsectetur adipiscing elit. Nam ac metus vitae nibh aliquet adipiscing \r\nquis at nibh. Nullam lacinia magna sed enim ullamcorper rutrum. Proin \r\nquis vulputate est. Duis vitae purus vel mauris rutrum bibendum eu sit \r\namet erat. Vestibulum accumsan dapibus mauris, faucibus vehicula ipsum \r\ntempor pharetra. Sed porta, purus sit amet sollicitudin vestibulum, leo \r\nneque fringilla mauris, quis semper odio ante non arcu. Suspendisse \r\nporttitor mollis nisi, eu imperdiet eros condimentum at. Nunc tempor \r\nsodales suscipit.\r\n</p>\r\n<p>\r\n<span style="font-weight: bold;">Sed sed mollis nunc. Interdum et malesuada fames ac ante ipsum primis in\r\n faucibus. Proin luctus semper eros, quis egestas leo. Pellentesque \r\nrisus felis, vulputate eu massa et, rhoncus molestie dui. Vivamus \r\nmalesuada dui nec cursus lobortis. Donec augue tortor, accumsan id lacus\r\n quis, suscipit ullamcorper dolor. Nunc ullamcorper elit suscipit, \r\nmollis tortor in, pharetra purus. Sed dapibus dolor mauris, quis \r\nelementum arcu auctor id. Maecenas eget orci in lacus vestibulum \r\nvehicula. Pellentesque et felis eget diam hendrerit ultricies. Quisque \r\nsit amet tellus odio. Nulla pharetra turpis non turpis molestie, \r\nsuscipit tincidunt nisl lobortis. In eget porttitor libero. Proin non \r\nbibendum nisi, vitae volutpat nisl. Vivamus pretium scelerisque risus, \r\nnon tristique arcu cursus eu. Cras velit lacus, venenatis ut mi \r\nmalesuada, dapibus viverra nisi.\r\n</span></p>\r\n<p>\r\n<span style="font-style: italic;">Aliquam dapibus lorem vitae leo euismod commodo. Cras porttitor leo \r\neleifend velit malesuada pretium. Praesent ac auctor purus. Mauris \r\nligula ligula, hendrerit at justo in, molestie viverra sapien. In \r\nplacerat sem risus, a convallis massa viverra nec. Vestibulum ante ipsum\r\n primis in faucibus orci luctus et ultrices posuere cubilia Curae; \r\nPraesent ac justo in orci aliquet lacinia ut vitae nibh. Quisque pretium\r\n quam nibh, imperdiet pulvinar ligula dictum id. In a auctor arcu. Fusce\r\n feugiat purus eget odio congue, mollis iaculis nulla tincidunt. Sed nec\r\n massa vulputate, pretium nisi malesuada, lacinia ligula.\r\n</span></p>\r\n<p>\r\nVestibulum eget tempor mauris. Praesent tincidunt enim eu massa \r\ntristique, pellentesque faucibus ipsum pharetra. Sed pulvinar convallis \r\ntortor eget placerat. Duis mattis tempus sollicitudin. Praesent eu porta\r\n libero, sed consectetur risus. Cum sociis natoque penatibus et magnis \r\ndis parturient montes, nascetur ridiculus mus. Duis vulputate, arcu nec \r\ntincidunt lacinia, mi velit malesuada sapien, a commodo lacus lacus sit \r\namet nisl. Donec rhoncus lectus sit amet sem dictum interdum. Vivamus \r\nlobortis tortor fringilla est gravida ultricies. Integer ut mauris quam.\r\n</p>', 'Lorem ipsum dolor sit amet, consectetur adipiscing elit. Suspendisse sollicitudin commodo cursus. Nunc varius accumsan ultrices. Quisque hendrerit mi id ullamcorper pretium. Lorem ipsum dolor sit amet, consectetur adipiscing elit.', 'Test novost'),
(325, 159, 1, 'Test news category 2', 'Test news category 2', '<p>\r\nLorem ipsum dolor sit amet, consectetur adipiscing elit. Suspendisse \r\nsollicitudin commodo cursus. Nunc varius accumsan ultrices. Quisque \r\nhendrerit mi id ullamcorper pretium. Lorem ipsum dolor sit amet, \r\nconsectetur adipiscing elit. Nam ac metus vitae nibh aliquet adipiscing \r\nquis at nibh. Nullam lacinia magna sed enim ullamcorper rutrum. Proin \r\nquis vulputate est. Duis vitae purus vel mauris rutrum bibendum eu sit \r\namet erat. Vestibulum accumsan dapibus mauris, faucibus vehicula ipsum \r\ntempor pharetra. Sed porta, purus sit amet sollicitudin vestibulum, leo \r\nneque fringilla mauris, quis semper odio ante non arcu. Suspendisse \r\nporttitor mollis nisi, eu imperdiet eros condimentum at. Nunc tempor \r\nsodales suscipit.\r\n</p>\r\n<p>\r\n<span style="font-weight: bold;">Sed sed mollis nunc. Interdum et malesuada fames ac ante ipsum primis in\r\n faucibus. Proin luctus semper eros, quis egestas leo. Pellentesque \r\nrisus felis, vulputate eu massa et, rhoncus molestie dui. Vivamus \r\nmalesuada dui nec cursus lobortis. Donec augue tortor, accumsan id lacus\r\n quis, suscipit ullamcorper dolor. Nunc ullamcorper elit suscipit, \r\nmollis tortor in, pharetra purus. Sed dapibus dolor mauris, quis \r\nelementum arcu auctor id. Maecenas eget orci in lacus vestibulum \r\nvehicula. Pellentesque et felis eget diam hendrerit ultricies. Quisque \r\nsit amet tellus odio. Nulla pharetra turpis non turpis molestie, \r\nsuscipit tincidunt nisl lobortis. In eget porttitor libero. Proin non \r\nbibendum nisi, vitae volutpat nisl. Vivamus pretium scelerisque risus, \r\nnon tristique arcu cursus eu. Cras velit lacus, venenatis ut mi \r\nmalesuada, dapibus viverra nisi.\r\n</span></p>\r\n<p>\r\n<span style="font-style: italic;">Aliquam dapibus lorem vitae leo euismod commodo. Cras porttitor leo \r\neleifend velit malesuada pretium. Praesent ac auctor purus. Mauris \r\nligula ligula, hendrerit at justo in, molestie viverra sapien. In \r\nplacerat sem risus, a convallis massa viverra nec. Vestibulum ante ipsum\r\n primis in faucibus orci luctus et ultrices posuere cubilia Curae; \r\nPraesent ac justo in orci aliquet lacinia ut vitae nibh. Quisque pretium\r\n quam nibh, imperdiet pulvinar ligula dictum id. In a auctor arcu. Fusce\r\n feugiat purus eget odio congue, mollis iaculis nulla tincidunt. Sed nec\r\n massa vulputate, pretium nisi malesuada, lacinia ligula.\r\n</span></p>\r\n<p>\r\nVestibulum eget tempor mauris. Praesent tincidunt enim eu massa \r\ntristique, pellentesque faucibus ipsum pharetra. Sed pulvinar convallis \r\ntortor eget placerat. Duis mattis tempus sollicitudin. Praesent eu porta\r\n libero, sed consectetur risus. Cum sociis natoque penatibus et magnis \r\ndis parturient montes, nascetur ridiculus mus. Duis vulputate, arcu nec \r\ntincidunt lacinia, mi velit malesuada sapien, a commodo lacus lacus sit \r\namet nisl. Donec rhoncus lectus sit amet sem dictum interdum. Vivamus \r\nlobortis tortor fringilla est gravida ultricies. Integer ut mauris quam.\r\n</p>', 'Lorem ipsum dolor sit amet, consectetur adipiscing elit. Suspendisse sollicitudin commodo cursus. Nunc varius accumsan ultrices. Quisque hendrerit mi id ullamcorper pretium. Lorem ipsum dolor sit amet, consectetur adipiscing elit.', 'Test news category 2'),
(326, 159, 2, 'Test news category 2', 'Test news category 2', '<p>\r\nLorem ipsum dolor sit amet, consectetur adipiscing elit. Suspendisse \r\nsollicitudin commodo cursus. Nunc varius accumsan ultrices. Quisque \r\nhendrerit mi id ullamcorper pretium. Lorem ipsum dolor sit amet, \r\nconsectetur adipiscing elit. Nam ac metus vitae nibh aliquet adipiscing \r\nquis at nibh. Nullam lacinia magna sed enim ullamcorper rutrum. Proin \r\nquis vulputate est. Duis vitae purus vel mauris rutrum bibendum eu sit \r\namet erat. Vestibulum accumsan dapibus mauris, faucibus vehicula ipsum \r\ntempor pharetra. Sed porta, purus sit amet sollicitudin vestibulum, leo \r\nneque fringilla mauris, quis semper odio ante non arcu. Suspendisse \r\nporttitor mollis nisi, eu imperdiet eros condimentum at. Nunc tempor \r\nsodales suscipit.\r\n</p>\r\n<p>\r\n<span style="font-weight: bold;">Sed sed mollis nunc. Interdum et malesuada fames ac ante ipsum primis in\r\n faucibus. Proin luctus semper eros, quis egestas leo. Pellentesque \r\nrisus felis, vulputate eu massa et, rhoncus molestie dui. Vivamus \r\nmalesuada dui nec cursus lobortis. Donec augue tortor, accumsan id lacus\r\n quis, suscipit ullamcorper dolor. Nunc ullamcorper elit suscipit, \r\nmollis tortor in, pharetra purus. Sed dapibus dolor mauris, quis \r\nelementum arcu auctor id. Maecenas eget orci in lacus vestibulum \r\nvehicula. Pellentesque et felis eget diam hendrerit ultricies. Quisque \r\nsit amet tellus odio. Nulla pharetra turpis non turpis molestie, \r\nsuscipit tincidunt nisl lobortis. In eget porttitor libero. Proin non \r\nbibendum nisi, vitae volutpat nisl. Vivamus pretium scelerisque risus, \r\nnon tristique arcu cursus eu. Cras velit lacus, venenatis ut mi \r\nmalesuada, dapibus viverra nisi.\r\n</span></p>\r\n<p>\r\n<span style="font-style: italic;">Aliquam dapibus lorem vitae leo euismod commodo. Cras porttitor leo \r\neleifend velit malesuada pretium. Praesent ac auctor purus. Mauris \r\nligula ligula, hendrerit at justo in, molestie viverra sapien. In \r\nplacerat sem risus, a convallis massa viverra nec. Vestibulum ante ipsum\r\n primis in faucibus orci luctus et ultrices posuere cubilia Curae; \r\nPraesent ac justo in orci aliquet lacinia ut vitae nibh. Quisque pretium\r\n quam nibh, imperdiet pulvinar ligula dictum id. In a auctor arcu. Fusce\r\n feugiat purus eget odio congue, mollis iaculis nulla tincidunt. Sed nec\r\n massa vulputate, pretium nisi malesuada, lacinia ligula.\r\n</span></p>\r\n<p>\r\nVestibulum eget tempor mauris. Praesent tincidunt enim eu massa \r\ntristique, pellentesque faucibus ipsum pharetra. Sed pulvinar convallis \r\ntortor eget placerat. Duis mattis tempus sollicitudin. Praesent eu porta\r\n libero, sed consectetur risus. Cum sociis natoque penatibus et magnis \r\ndis parturient montes, nascetur ridiculus mus. Duis vulputate, arcu nec \r\ntincidunt lacinia, mi velit malesuada sapien, a commodo lacus lacus sit \r\namet nisl. Donec rhoncus lectus sit amet sem dictum interdum. Vivamus \r\nlobortis tortor fringilla est gravida ultricies. Integer ut mauris quam.\r\n</p>', 'Lorem ipsum dolor sit amet, consectetur adipiscing elit. Suspendisse sollicitudin commodo cursus. Nunc varius accumsan ultrices. Quisque hendrerit mi id ullamcorper pretium. Lorem ipsum dolor sit amet, consectetur adipiscing elit.', 'Test news category 2'),
(327, 160, 1, 'Showroom', 'Showroom', 'Showroom', 'Showroom', 'Showroom'),
(328, 160, 2, 'Showroom', 'Showroom', 'Showroom', 'Showroom', 'Showroom'),
(331, 161, 1, 'Ask Expert', 'Ask Expert', 'Lorem ipsum dolor sit amet, consectetur adipiscing elit. Suspendisse \r\nsollicitudin commodo cursus. Nunc varius accumsan ultrices. Quisque \r\nhendrerit mi id ullamcorper pretium. Lorem ipsum dolor sit amet, \r\nconsectetur adipiscing elit. Nam ac metus vitae nibh aliquet adipiscing \r\nquis at nibh. Nullam lacinia magna sed enim ullamcorper rutrum.', 'Ask Expert', 'Ask Expert'),
(332, 161, 2, 'Pitaj eksperta', 'Pitaj eksperta', 'Lorem ipsum dolor sit amet, consectetur adipiscing elit. Suspendisse \r\nsollicitudin commodo cursus. Nunc varius accumsan ultrices. Quisque \r\nhendrerit mi id ullamcorper pretium. Lorem ipsum dolor sit amet, \r\nconsectetur adipiscing elit. Nam ac metus vitae nibh aliquet adipiscing \r\nquis at nibh. Nullam lacinia magna sed enim ullamcorper rutrum.', 'Pitaj eksperta', 'Pitaj eksperta'),
(337, 162, 1, 'Hidden page example', 'Hidden page example', 'Hidden page example', 'Hidden page example', 'Hidden page example'),
(338, 162, 2, 'Primjer skrivene stranice', 'Primjer skrivene stranice', 'Primjer skrivene stranice', 'Primjer skrivene stranice', 'Primjer skrivene stranice'),
(345, 163, 1, 'Private page', 'Private page', 'Private page, only visible for logged users.<br>', 'Private page', 'Private page'),
(346, 163, 2, 'Privatna stranica', 'Privatna stranica', 'Privatna stranica, vidljiva samo prijavljenim posjetiteljima.<br>', 'Privatna stranica', 'Privatna stranica'),
(349, 5, 1, 'About us', 'About us', '<p>\r\nLorem ipsum dolor sit amet, consectetur adipiscing elit. Suspendisse \r\nsollicitudin commodo cursus. Nunc varius accumsan ultrices. Quisque \r\nhendrerit mi id ullamcorper pretium. Lorem ipsum dolor sit amet, \r\nconsectetur adipiscing elit. Nam ac metus vitae nibh aliquet adipiscing \r\nquis at nibh. Nullam lacinia magna sed enim ullamcorper rutrum. Proin \r\nquis vulputate est. Duis vitae purus vel mauris rutrum bibendum eu sit \r\namet erat. Vestibulum accumsan dapibus mauris, faucibus vehicula ipsum \r\ntempor pharetra. Sed porta, purus sit amet sollicitudin vestibulum, leo \r\nneque fringilla mauris, quis semper odio ante non arcu. Suspendisse \r\nporttitor mollis nisi, eu imperdiet eros condimentum at. Nunc tempor \r\nsodales suscipit.\r\n</p>\r\n<p>\r\n<span style="font-weight: bold;">Sed sed mollis nunc. Interdum et malesuada fames ac ante ipsum primis in\r\n faucibus. Proin luctus semper eros, quis egestas leo. Pellentesque \r\nrisus felis, vulputate eu massa et, rhoncus molestie dui. Vivamus \r\nmalesuada dui nec cursus lobortis. Donec augue tortor, accumsan id lacus\r\n quis, suscipit ullamcorper dolor. Nunc ullamcorper elit suscipit, \r\nmollis tortor in, pharetra purus. Sed dapibus dolor mauris, quis \r\nelementum arcu auctor id. Maecenas eget orci in lacus vestibulum \r\nvehicula. Pellentesque et felis eget diam hendrerit ultricies. Quisque \r\nsit amet tellus odio. Nulla pharetra turpis non turpis molestie, \r\nsuscipit tincidunt nisl lobortis. In eget porttitor libero. Proin non \r\nbibendum nisi, vitae volutpat nisl. Vivamus pretium scelerisque risus, \r\nnon tristique arcu cursus eu. Cras velit lacus, venenatis ut mi \r\nmalesuada, dapibus viverra nisi.\r\n</span></p>\r\n<p>\r\n<span style="font-style: italic;">Aliquam dapibus lorem vitae leo euismod commodo. Cras porttitor leo \r\neleifend velit malesuada pretium. Praesent ac auctor purus. Mauris \r\nligula ligula, hendrerit at justo in, molestie viverra sapien. In \r\nplacerat sem risus, a convallis massa viverra nec. Vestibulum ante ipsum\r\n primis in faucibus orci luctus et ultrices posuere cubilia Curae; \r\nPraesent ac justo in orci aliquet lacinia ut vitae nibh. Quisque pretium\r\n quam nibh, imperdiet pulvinar ligula dictum id. In a auctor arcu. Fusce\r\n feugiat purus eget odio congue, mollis iaculis nulla tincidunt. Sed nec\r\n massa vulputate, pretium nisi malesuada, lacinia ligula.\r\n</span></p>\r\n<p>\r\nVestibulum eget tempor mauris. Praesent tincidunt enim eu massa \r\ntristique, pellentesque faucibus ipsum pharetra. Sed pulvinar convallis \r\ntortor eget placerat. Duis mattis tempus sollicitudin. Praesent eu porta\r\n libero, sed consectetur risus. Cum sociis natoque penatibus et magnis \r\ndis parturient montes, nascetur ridiculus mus. Duis vulputate, arcu nec \r\ntincidunt lacinia, mi velit malesuada sapien, a commodo lacus lacus sit \r\namet nisl. Donec rhoncus lectus sit amet sem dictum interdum. Vivamus \r\nlobortis tortor fringilla est gravida ultricies. Integer ut mauris quam.\r\n</p><p><br></p><p>Test</p>', 'Lorem ipsum dolor sit amet, consectetur adipiscing elit. Suspendisse sollicitudin commodo cursus. Nunc varius accumsan ultrices.', 'About us'),
(350, 5, 2, 'O nama', 'O nama', '<p>\r\nLorem ipsum dolor sit amet, consectetur adipiscing elit. Suspendisse \r\nsollicitudin commodo cursus. Nunc varius accumsan ultrices. Quisque \r\nhendrerit mi id ullamcorper pretium. Lorem ipsum dolor sit amet, \r\nconsectetur adipiscing elit. Nam ac metus vitae nibh aliquet adipiscing \r\nquis at nibh. Nullam lacinia magna sed enim ullamcorper rutrum. Proin \r\nquis vulputate est. Duis vitae purus vel mauris rutrum bibendum eu sit \r\namet erat. Vestibulum accumsan dapibus mauris, faucibus vehicula ipsum \r\ntempor pharetra. Sed porta, purus sit amet sollicitudin vestibulum, leo \r\nneque fringilla mauris, quis semper odio ante non arcu. Suspendisse \r\nporttitor mollis nisi, eu imperdiet eros condimentum at. Nunc tempor \r\nsodales suscipit.\r\n</p>\r\n<p>\r\n<span style="font-weight: bold;">Sed sed mollis nunc. Interdum et malesuada fames ac ante ipsum primis in\r\n faucibus. Proin luctus semper eros, quis egestas leo. Pellentesque \r\nrisus felis, vulputate eu massa et, rhoncus molestie dui. Vivamus \r\nmalesuada dui nec cursus lobortis. Donec augue tortor, accumsan id lacus\r\n quis, suscipit ullamcorper dolor. Nunc ullamcorper elit suscipit, \r\nmollis tortor in, pharetra purus. Sed dapibus dolor mauris, quis \r\nelementum arcu auctor id. Maecenas eget orci in lacus vestibulum \r\nvehicula. Pellentesque et felis eget diam hendrerit ultricies. Quisque \r\nsit amet tellus odio. Nulla pharetra turpis non turpis molestie, \r\nsuscipit tincidunt nisl lobortis. In eget porttitor libero. Proin non \r\nbibendum nisi, vitae volutpat nisl. Vivamus pretium scelerisque risus, \r\nnon tristique arcu cursus eu. Cras velit lacus, venenatis ut mi \r\nmalesuada, dapibus viverra nisi.\r\n</span></p>\r\n<p>\r\n<span style="font-style: italic;">Aliquam dapibus lorem vitae leo euismod commodo. Cras porttitor leo \r\neleifend velit malesuada pretium. Praesent ac auctor purus. Mauris \r\nligula ligula, hendrerit at justo in, molestie viverra sapien. In \r\nplacerat sem risus, a convallis massa viverra nec. Vestibulum ante ipsum\r\n primis in faucibus orci luctus et ultrices posuere cubilia Curae; \r\nPraesent ac justo in orci aliquet lacinia ut vitae nibh. Quisque pretium\r\n quam nibh, imperdiet pulvinar ligula dictum id. In a auctor arcu. Fusce\r\n feugiat purus eget odio congue, mollis iaculis nulla tincidunt. Sed nec\r\n massa vulputate, pretium nisi malesuada, lacinia ligula.\r\n</span></p>\r\n<p>\r\nVestibulum eget tempor mauris. Praesent tincidunt enim eu massa \r\ntristique, pellentesque faucibus ipsum pharetra. Sed pulvinar convallis \r\ntortor eget placerat. Duis mattis tempus sollicitudin. Praesent eu porta\r\n libero, sed consectetur risus. Cum sociis natoque penatibus et magnis \r\ndis parturient montes, nascetur ridiculus mus. Duis vulputate, arcu nec \r\ntincidunt lacinia, mi velit malesuada sapien, a commodo lacus lacus sit \r\namet nisl. Donec rhoncus lectus sit amet sem dictum interdum. Vivamus \r\nlobortis tortor fringilla est gravida ultricies. Integer ut mauris quam.\r\n</p>', 'Lorem ipsum dolor sit amet, consectetur adipiscing elit. Suspendisse sollicitudin commodo cursus. Nunc varius accumsan ultrices.', 'O nama'),
(353, 3, 1, 'Rent', 'Rent', '', '', ''),
(354, 3, 2, 'Najam', 'Najam', '', '', 'najam,apartman'),
(355, 142, 1, 'Test page', 'Blog page', '<span style="font-weight: bold;">Nam eget est facilisis, porta mi \r\nac, ultricies enim. Proin nisi diam, eleifend ac eleifend in, dapibus in\r\n orci. Vestibulum elementum lectus non nisl venenatis, tempus molestie \r\nnisi tempus. Pellentesque facilisis nibh nec purus blandit, id aliquam \r\nlorem fermentum.\r\n</span>', 'Nam eget est facilisis, porta mi ac, ultricies enim. Proin nisi diam, eleifend ac eleifend in, dapibus in orci. Vestibulum elementum lectus non nisl venenatis, tempus molestie nisi tempus. Pellentesque facilisis nibh nec purus blandit, id aliquam lorem fermentum.', 'test'),
(356, 142, 2, 'Test stranica', 'Blog stranica', '<span style="font-weight: bold;">Nam eget est facilisis, porta mi \r\nac, ultricies enim. Proin nisi diam, eleifend ac eleifend in, dapibus in\r\n orci. Vestibulum elementum lectus non nisl venenatis, tempus molestie \r\nnisi tempus. Pellentesque facilisis nibh nec purus blandit, id aliquam \r\nlorem fermentum.\r\n</span>', 'Nam eget est facilisis, porta mi ac, ultricies enim. Proin nisi diam, eleifend ac eleifend in, dapibus in orci. Vestibulum elementum lectus non nisl venenatis, tempus molestie nisi tempus. Pellentesque facilisis nibh nec purus blandit, id aliquam lorem fermentum.', 'test'),
(365, 155, 1, 'Test news category', 'Test news category', '<p>\r\nLorem ipsum dolor sit amet, consectetur adipiscing elit. Suspendisse \r\nsollicitudin commodo cursus. Nunc varius accumsan ultrices. Quisque \r\nhendrerit mi id ullamcorper pretium. Lorem ipsum dolor sit amet, \r\nconsectetur adipiscing elit. Nam ac metus vitae nibh aliquet adipiscing \r\nquis at nibh. Nullam lacinia magna sed enim ullamcorper rutrum. Proin \r\nquis vulputate est. Duis vitae purus vel mauris rutrum bibendum eu sit \r\namet erat. Vestibulum accumsan dapibus mauris, faucibus vehicula ipsum \r\ntempor pharetra. Sed porta, purus sit amet sollicitudin vestibulum, leo \r\nneque fringilla mauris, quis semper odio ante non arcu. Suspendisse \r\nporttitor mollis nisi, eu imperdiet eros condimentum at. Nunc tempor \r\nsodales suscipit.\r\n</p>\r\n<p>\r\n<span style="font-weight: bold;">Sed sed mollis nunc. Interdum et malesuada fames ac ante ipsum primis in\r\n faucibus. Proin luctus semper eros, quis egestas leo. Pellentesque \r\nrisus felis, vulputate eu massa et, rhoncus molestie dui. Vivamus \r\nmalesuada dui nec cursus lobortis. Donec augue tortor, accumsan id lacus\r\n quis, suscipit ullamcorper dolor. Nunc ullamcorper elit suscipit, \r\nmollis tortor in, pharetra purus. Sed dapibus dolor mauris, quis \r\nelementum arcu auctor id. Maecenas eget orci in lacus vestibulum \r\nvehicula. Pellentesque et felis eget diam hendrerit ultricies. Quisque \r\nsit amet tellus odio. Nulla pharetra turpis non turpis molestie, \r\nsuscipit tincidunt nisl lobortis. In eget porttitor libero. Proin non \r\nbibendum nisi, vitae volutpat nisl. Vivamus pretium scelerisque risus, \r\nnon tristique arcu cursus eu. Cras velit lacus, venenatis ut mi \r\nmalesuada, dapibus viverra nisi.\r\n</span></p>\r\n<p>\r\n<span style="font-style: italic;">Aliquam dapibus lorem vitae leo euismod commodo. Cras porttitor leo \r\neleifend velit malesuada pretium. Praesent ac auctor purus. Mauris \r\nligula ligula, hendrerit at justo in, molestie viverra sapien. In \r\nplacerat sem risus, a convallis massa viverra nec. Vestibulum ante ipsum\r\n primis in faucibus orci luctus et ultrices posuere cubilia Curae; \r\nPraesent ac justo in orci aliquet lacinia ut vitae nibh. Quisque pretium\r\n quam nibh, imperdiet pulvinar ligula dictum id. In a auctor arcu. Fusce\r\n feugiat purus eget odio congue, mollis iaculis nulla tincidunt. Sed nec\r\n massa vulputate, pretium nisi malesuada, lacinia ligula.\r\n</span></p>\r\n<p>\r\nVestibulum eget tempor mauris. Praesent tincidunt enim eu massa \r\ntristique, pellentesque faucibus ipsum pharetra. Sed pulvinar convallis \r\ntortor eget placerat. Duis mattis tempus sollicitudin. Praesent eu porta\r\n libero, sed consectetur risus. Cum sociis natoque penatibus et magnis \r\ndis parturient montes, nascetur ridiculus mus. Duis vulputate, arcu nec \r\ntincidunt lacinia, mi velit malesuada sapien, a commodo lacus lacus sit \r\namet nisl. Donec rhoncus lectus sit amet sem dictum interdum. Vivamus \r\nlobortis tortor fringilla est gravida ultricies. Integer ut mauris quam.\r\n</p>', 'Lorem ipsum dolor sit amet, consectetur adipiscing elit. Suspendisse sollicitudin commodo cursus. Nunc varius accumsan ultrices. Quisque hendrerit mi id ullamcorper pretium. Lorem ipsum dolor sit amet, consectetur adipiscing elit.', 'Test news category'),
(366, 155, 2, 'Test novost kategorija', 'Test novost kategorija', '<p>\r\nLorem ipsum dolor sit amet, consectetur adipiscing elit. Suspendisse \r\nsollicitudin commodo cursus. Nunc varius accumsan ultrices. Quisque \r\nhendrerit mi id ullamcorper pretium. Lorem ipsum dolor sit amet, \r\nconsectetur adipiscing elit. Nam ac metus vitae nibh aliquet adipiscing \r\nquis at nibh. Nullam lacinia magna sed enim ullamcorper rutrum. Proin \r\nquis vulputate est. Duis vitae purus vel mauris rutrum bibendum eu sit \r\namet erat. Vestibulum accumsan dapibus mauris, faucibus vehicula ipsum \r\ntempor pharetra. Sed porta, purus sit amet sollicitudin vestibulum, leo \r\nneque fringilla mauris, quis semper odio ante non arcu. Suspendisse \r\nporttitor mollis nisi, eu imperdiet eros condimentum at. Nunc tempor \r\nsodales suscipit.\r\n</p>\r\n<p>\r\n<span style="font-weight: bold;">Sed sed mollis nunc. Interdum et malesuada fames ac ante ipsum primis in\r\n faucibus. Proin luctus semper eros, quis egestas leo. Pellentesque \r\nrisus felis, vulputate eu massa et, rhoncus molestie dui. Vivamus \r\nmalesuada dui nec cursus lobortis. Donec augue tortor, accumsan id lacus\r\n quis, suscipit ullamcorper dolor. Nunc ullamcorper elit suscipit, \r\nmollis tortor in, pharetra purus. Sed dapibus dolor mauris, quis \r\nelementum arcu auctor id. Maecenas eget orci in lacus vestibulum \r\nvehicula. Pellentesque et felis eget diam hendrerit ultricies. Quisque \r\nsit amet tellus odio. Nulla pharetra turpis non turpis molestie, \r\nsuscipit tincidunt nisl lobortis. In eget porttitor libero. Proin non \r\nbibendum nisi, vitae volutpat nisl. Vivamus pretium scelerisque risus, \r\nnon tristique arcu cursus eu. Cras velit lacus, venenatis ut mi \r\nmalesuada, dapibus viverra nisi.\r\n</span></p>\r\n<p>\r\n<span style="font-style: italic;">Aliquam dapibus lorem vitae leo euismod commodo. Cras porttitor leo \r\neleifend velit malesuada pretium. Praesent ac auctor purus. Mauris \r\nligula ligula, hendrerit at justo in, molestie viverra sapien. In \r\nplacerat sem risus, a convallis massa viverra nec. Vestibulum ante ipsum\r\n primis in faucibus orci luctus et ultrices posuere cubilia Curae; \r\nPraesent ac justo in orci aliquet lacinia ut vitae nibh. Quisque pretium\r\n quam nibh, imperdiet pulvinar ligula dictum id. In a auctor arcu. Fusce\r\n feugiat purus eget odio congue, mollis iaculis nulla tincidunt. Sed nec\r\n massa vulputate, pretium nisi malesuada, lacinia ligula.\r\n</span></p>\r\n<p>\r\nVestibulum eget tempor mauris. Praesent tincidunt enim eu massa \r\ntristique, pellentesque faucibus ipsum pharetra. Sed pulvinar convallis \r\ntortor eget placerat. Duis mattis tempus sollicitudin. Praesent eu porta\r\n libero, sed consectetur risus. Cum sociis natoque penatibus et magnis \r\ndis parturient montes, nascetur ridiculus mus. Duis vulputate, arcu nec \r\ntincidunt lacinia, mi velit malesuada sapien, a commodo lacus lacus sit \r\namet nisl. Donec rhoncus lectus sit amet sem dictum interdum. Vivamus \r\nlobortis tortor fringilla est gravida ultricies. Integer ut mauris quam.\r\n</p>', 'Lorem ipsum dolor sit amet, consectetur adipiscing elit. Suspendisse sollicitudin commodo cursus. Nunc varius accumsan ultrices. Quisque hendrerit mi id ullamcorper pretium. Lorem ipsum dolor sit amet, consectetur adipiscing elit.', 'Test novost kategorija'),
(369, 1, 1, 'Homepage', 'Homepage', '<div class="row">\r\n    <div class="span1"><img src="assets/img/multilangual.png"></div>\r\n    <div class="span3">\r\n<h4>Native Multilangual</h4>\r\nNatively multilingual, no need to install any addon.\r\nEvery element can be translated and you can add as many languages as you want.\r\n</div>\r\n    <div class="span1"><img src="assets/img/easy_customize.png"></div>\r\n    <div class="span3">\r\n<h4>Easy to customize</h4>\r\nApplication is based on CodeIgniter PHP framework, if you know CodeIgniter you can easily customize the system.\r\n</div>\r\n    <div class="span1"><img src="assets/img/bootstrap.png"></div>\r\n    <div class="span3">\r\n<h4>Bootstrap ready</h4>\r\nBackend and Frontend based on Bootstrap and are easy to customize.\r\n</div>\r\n</div>\r\n<div class="row">\r\n    <div class="span1"><img src="assets/img/drag-drop.png"></div>\r\n    <div class="span3">\r\n<h4>User friendly</h4>\r\nWebsite structure is logical.\r\nManaging elements such as pages, estates or images is easily done by drag''n''drop!\r\n</div>\r\n    <div class="span1"><img src="assets/img/template.png"></div>\r\n    <div class="span3">\r\n<h4>Template System</h4>\r\nEasy to use CodeIgniter Template Parser Class or alternative PHP syntax available.\r\n</div>\r\n    <div class="span1"><img src="assets/img/robust.png"></div>\r\n    <div class="span3">\r\n<h4>Robust</h4>\r\nBuild as easy to use and robust Metro style Admin user interface\r\n</div>\r\n</div>\r\n<p> </p><br>\r\n<p> </p>', '', ''),
(370, 1, 2, 'Naslovnica', 'Naslovnica', '<div class="row">\r\n    <div class="span1"><img src="assets/img/multilangual.png"></div>\r\n    <div class="span3">\r\n<h4>Prirodna višejezičnost</h4>\r\nPrirodno podržana višejezičnost, bez potrebe za dodacima.\r\nSvaki element može biti preveden i moguće je dodavati jezike po želji.\r\n</div>\r\n    <div class="span1"><img src="assets/img/easy_customize.png"></div>\r\n    <div class="span3">\r\n<h4>Prilagodljiv</h4>\r\nAplikacija bazirana na CodeIgniter PHP frameworku, ako ste upoznati s  CodeIgniterom lako ćete modificirati sustav.\r\n</div>\r\n    <div class="span1"><img src="assets/img/bootstrap.png"></div>\r\n    <div class="span3">\r\n<h4>Bootstrap ugrađen</h4>\r\nAdministracija i klijentska stranica bazirana na Boostrtapu i jednostavna za prilagodbu.\r\n</div>\r\n</div>\r\n<div class="row">\r\n    <div class="span1"><img src="assets/img/drag-drop.png"></div>\r\n    <div class="span3">\r\n<h4>Jednostavan<br></h4>\r\nStruktura webstranice jasna.\r\nUpravljanje elementima poput stranica, nekretninama ili slikama jednostavna pomoću drag''n''drop!\r\n</div>\r\n    <div class="span1"><img src="assets/img/template.png"></div>\r\n    <div class="span3">\r\n<h4>Sustav predložaka</h4>\r\nJednostavan CodeIgniter Template Parser Class ili alternativna PHP syntax-a podržana.\r\n</div>\r\n    <div class="span1"><img src="assets/img/robust.png"></div>\r\n    <div class="span3">\r\n<h4>Robustan</h4>\r\nRazvijen da buje jednostavan i izgledom robustan, ugrađeno Metro style Admin sučelje\r\n</div>\r\n</div>\r\n<p> </p><br>\r\n<p> </p>', '', '');
INSERT INTO `page_lang` (`id_page_lang`, `page_id`, `language_id`, `title`, `navigation_title`, `body`, `description`, `keywords`) VALUES
(373, 6, 1, 'Map', 'Map', '<div class="row">\r\n    <div class="span1"><img src="assets/img/multilangual.png"></div>\r\n    <div class="span3">\r\n<h4>Native Multilangual</h4>\r\nNatively multilingual, no need to install any addon.\r\nEvery element can be translated and you can add as many languages as you want.\r\n</div>\r\n    <div class="span1"><img src="assets/img/easy_customize.png"></div>\r\n    <div class="span3">\r\n<h4>Easy to customize</h4>\r\nApplication is based on CodeIgniter PHP framework, if you know CodeIgniter you can easily customize the system.\r\n</div>\r\n    <div class="span1"><img src="assets/img/bootstrap.png"></div>\r\n    <div class="span3">\r\n<h4>Bootstrap ready</h4>\r\nBackend and Frontend based on Bootstrap and are easy to customize.\r\n</div>\r\n</div>\r\n<div class="row">\r\n    <div class="span1"><img src="assets/img/drag-drop.png"></div>\r\n    <div class="span3">\r\n<h4>User friendly</h4>\r\nWebsite structure is logical.\r\nManaging elements such as pages, estates or images is easily done by drag''n''drop!\r\n</div>\r\n    <div class="span1"><img src="assets/img/template.png"></div>\r\n    <div class="span3">\r\n<h4>Template System</h4>\r\nEasy to use CodeIgniter Template Parser Class or alternative PHP syntax available.\r\n</div>\r\n    <div class="span1"><img src="assets/img/robust.png"></div>\r\n    <div class="span3">\r\n<h4>Robust</h4>\r\nBuild as easy to use and robust Metro style Admin user interface\r\n</div>\r\n</div>\r\n<p> </p><br>\r\n<p> </p>', '', 'Map'),
(374, 6, 2, 'Karta', 'Karta', '<div class="row">\r\n    <div class="span1"><img src="assets/img/multilangual.png"></div>\r\n    <div class="span3">\r\n<h4>Prirodna višejezičnost</h4>\r\nPrirodno podržana višejezičnost, bez potrebe za dodacima.\r\nSvaki element može biti preveden i moguće je dodavati jezike po želji.\r\n</div>\r\n    <div class="span1"><img src="assets/img/easy_customize.png"></div>\r\n    <div class="span3">\r\n<h4>Prilagodljiv</h4>\r\nAplikacija bazirana na CodeIgniter PHP frameworku, ako ste upoznati s  CodeIgniterom lako ćete modificirati sustav.\r\n</div>\r\n    <div class="span1"><img src="assets/img/bootstrap.png"></div>\r\n    <div class="span3">\r\n<h4>Bootstrap ugrađen</h4>\r\nAdministracija i klijentska stranica bazirana na Boostrtapu i jednostavna za prilagodbu.\r\n</div>\r\n</div>\r\n<div class="row">\r\n    <div class="span1"><img src="assets/img/drag-drop.png"></div>\r\n    <div class="span3">\r\n<h4>Jednostavan<br></h4>\r\nStruktura webstranice jasna.\r\nUpravljanje elementima poput stranica, nekretninama ili slikama jednostavna pomoću drag''n''drop!\r\n</div>\r\n    <div class="span1"><img src="assets/img/template.png"></div>\r\n    <div class="span3">\r\n<h4>Sustav predložaka</h4>\r\nJednostavan CodeIgniter Template Parser Class ili alternativna PHP syntax-a podržana.\r\n</div>\r\n    <div class="span1"><img src="assets/img/robust.png"></div>\r\n    <div class="span3">\r\n<h4>Robustan</h4>\r\nRazvijen da buje jednostavan i izgledom robustan, ugrađeno Metro style Admin sučelje\r\n</div>\r\n</div>\r\n<p> </p><br>\r\n<p> </p>', '', 'Karta'),
(377, 169, 1, 'Agents', 'Agents', '<p>Agents listing with search and pagination support example...<br>\r\n</p>', 'Lorem ipsum dolor sit amet, consectetur adipiscing elit. Suspendisse sollicitudin commodo cursus. Nunc varius accumsan ultrices. Quisque hendrerit mi id ullamcorper pretium. Lorem ipsum dolor sit amet, consectetur adipiscing elit. Nam ac metus vitae nibh aliquet adipiscing quis at nibh. Nullam lacinia magna sed enim ullamcorper rutrum. Proin quis vulputate est. Duis vitae purus vel mauris rutrum bibendum eu sit amet erat. Vestibulum accumsan dapibus mauris, faucibus vehicula ipsum tempor pharetra. Sed porta, purus sit amet sollicitudin vestibulum, leo neque fringilla mauris, quis semper odio ante non arcu. Suspendisse porttitor mollis nisi, eu imperdiet eros condimentum at. Nunc tempor sodales suscipit.\r\n\r\nSed sed mollis nunc. Interdum et malesuada fames ac ante ipsum primis in faucibus. Proin luctus semper eros, quis egestas leo. Pellentesque risus felis, vulputate eu massa et, rhoncus molestie dui. Vivamus malesuada dui nec cursus lobortis. Donec augue tortor, accumsan id lacus quis, suscipit ullamcorper dolor. Nunc ullamcorper elit suscipit, mollis tortor in, pharetra purus. Sed dapibus dolor mauris, quis elementum arcu auctor id. Maecenas eget orci in lacus vestibulum vehicula. Pellentesque et felis eget diam hendrerit ultricies. Quisque sit amet tellus odio. Nulla pharetra turpis non turpis molestie, suscipit tincidunt nisl lobortis. In eget porttitor libero. Proin non bibendum nisi, vitae volutpat nisl. Vivamus pretium scelerisque risus, non tristique arcu cursus eu. Cras velit lacus, venenatis ut mi malesuada, dapibus viverra nisi.', ''),
(378, 169, 2, 'Agenti', 'Agenti', '<p>\r\nLorem ipsum dolor sit amet, consectetur adipiscing elit. Suspendisse \r\nsollicitudin commodo cursus. Nunc varius accumsan ultrices. Quisque \r\nhendrerit mi id ullamcorper pretium. Lorem ipsum dolor sit amet, \r\nconsectetur adipiscing elit. Nam ac metus vitae nibh aliquet adipiscing \r\nquis at nibh. Nullam lacinia magna sed enim ullamcorper rutrum. Proin \r\nquis vulputate est. Duis vitae purus vel mauris rutrum bibendum eu sit \r\namet erat. Vestibulum accumsan dapibus mauris, faucibus vehicula ipsum \r\ntempor pharetra. Sed porta, purus sit amet sollicitudin vestibulum, leo \r\nneque fringilla mauris, quis semper odio ante non arcu. Suspendisse \r\nporttitor mollis nisi, eu imperdiet eros condimentum at. Nunc tempor \r\nsodales suscipit.\r\n</p>\r\n<p>\r\n<span style="font-weight: bold;">Sed sed mollis nunc. Interdum et malesuada fames ac ante ipsum primis in\r\n faucibus. Proin luctus semper eros, quis egestas leo. Pellentesque \r\nrisus felis, vulputate eu massa et, rhoncus molestie dui. Vivamus \r\nmalesuada dui nec cursus lobortis. Donec augue tortor, accumsan id lacus\r\n quis, suscipit ullamcorper dolor. Nunc ullamcorper elit suscipit, \r\nmollis tortor in, pharetra purus. Sed dapibus dolor mauris, quis \r\nelementum arcu auctor id. Maecenas eget orci in lacus vestibulum \r\nvehicula. Pellentesque et felis eget diam hendrerit ultricies. Quisque \r\nsit amet tellus odio. Nulla pharetra turpis non turpis molestie, \r\nsuscipit tincidunt nisl lobortis. In eget porttitor libero. Proin non \r\nbibendum nisi, vitae volutpat nisl. Vivamus pretium scelerisque risus, \r\nnon tristique arcu cursus eu. Cras velit lacus, venenatis ut mi \r\nmalesuada, dapibus viverra nisi.\r\n</span></p>', 'Lorem ipsum dolor sit amet, consectetur adipiscing elit. Suspendisse sollicitudin commodo cursus. Nunc varius accumsan ultrices. Quisque hendrerit mi id ullamcorper pretium. Lorem ipsum dolor sit amet, consectetur adipiscing elit. Nam ac metus vitae nibh aliquet adipiscing quis at nibh. Nullam lacinia magna sed enim ullamcorper rutrum. Proin quis vulputate est. Duis vitae purus vel mauris rutrum bibendum eu sit amet erat. Vestibulum accumsan dapibus mauris, faucibus vehicula ipsum tempor pharetra. Sed porta, purus sit amet sollicitudin vestibulum, leo neque fringilla mauris, quis semper odio ante non arcu. Suspendisse porttitor mollis nisi, eu imperdiet eros condimentum at. Nunc tempor sodales suscipit.\r\n\r\nSed sed mollis nunc. Interdum et malesuada fames ac ante ipsum primis in faucibus. Proin luctus semper eros, quis egestas leo. Pellentesque risus felis, vulputate eu massa et, rhoncus molestie dui. Vivamus malesuada dui nec cursus lobortis. Donec augue tortor, accumsan id lacus quis, suscipit ullamcorper dolor. Nunc ullamcorper elit suscipit, mollis tortor in, pharetra purus. Sed dapibus dolor mauris, quis elementum arcu auctor id. Maecenas eget orci in lacus vestibulum vehicula. Pellentesque et felis eget diam hendrerit ultricies. Quisque sit amet tellus odio. Nulla pharetra turpis non turpis molestie, suscipit tincidunt nisl lobortis. In eget porttitor libero. Proin non bibendum nisi, vitae volutpat nisl. Vivamus pretium scelerisque risus, non tristique arcu cursus eu. Cras velit lacus, venenatis ut mi malesuada, dapibus viverra nisi.', ''),
(381, 147, 1, 'Featured', 'Featured', 'Featured properties example', 'Featured properties example', 'Featured'),
(382, 147, 2, 'Izdvojene', 'Izdvojene', 'Izdvojene nekretnine', 'Izdvojene nekretnine', 'Izdvojene');

DROP TABLE IF EXISTS `payments`;
CREATE TABLE IF NOT EXISTS `payments` (
  `id` int(11) NOT NULL AUTO_INCREMENT,
  `date_paid` datetime DEFAULT NULL,
  `invoice_num` varchar(45) COLLATE utf8_unicode_ci DEFAULT NULL,
  `data_post` text COLLATE utf8_unicode_ci,
  `payer_id` varchar(100) COLLATE utf8_unicode_ci DEFAULT NULL,
  `txn_id` varchar(100) COLLATE utf8_unicode_ci DEFAULT NULL,
  `paid` varchar(45) COLLATE utf8_unicode_ci DEFAULT NULL,
  `currency_code` varchar(45) COLLATE utf8_unicode_ci DEFAULT NULL,
  `payer_email` varchar(100) COLLATE utf8_unicode_ci DEFAULT NULL,
  PRIMARY KEY (`id`)
) ENGINE=InnoDB  DEFAULT CHARSET=utf8 COLLATE=utf8_unicode_ci AUTO_INCREMENT=7 ;

INSERT INTO `payments` (`id`, `date_paid`, `invoice_num`, `data_post`, `payer_id`, `txn_id`, `paid`, `currency_code`, `payer_email`) VALUES
(1, '2014-06-03 21:30:22', '', '', NULL, NULL, NULL, NULL, NULL),
(2, '2014-06-03 21:56:45', '', 'Array\n(\n    [mc_gross] => 2.99\n    [invoice] => 12373469\n    [protection_eligibility] => Eligible\n    [address_status] => confirmed\n    [item_number1] => \n    [payer_id] => ER2LXCHKVY38Q\n    [tax] => 0.00\n    [address_street] => 1 Main St\n    [payment_date] => 12:56:41 Jun 03, 2014 PDT\n    [payment_status] => Completed\n    [charset] => windows-1252\n    [address_zip] => 95131\n    [mc_shipping] => 0.00\n    [mc_handling] => 0.00\n    [first_name] => Info\n    [mc_fee] => 0.39\n    [address_country_code] => US\n    [address_name] => Info Winter\n    [notify_version] => 3.8\n    [custom] => \n    [payer_status] => verified\n    [business] => sandi@iwinter.com.hr\n    [address_country] => United States\n    [num_cart_items] => 1\n    [mc_handling1] => 0.00\n    [address_city] => San Jose\n    [verify_sign] => AI36sk2Aln3iC.t.mla1wMizPRcQA8RKkhVgDKLdhbV.2hZelzrKnqbO\n    [payer_email] => info@iwinter.com.hr\n    [mc_shipping1] => 0.00\n    [tax1] => 0.00\n    [txn_id] => 5NJ254081K680701C\n    [payment_type] => instant\n    [last_name] => Winter\n    [address_state] => CA\n    [item_name1] => T-shirt\n    [receiver_email] => sandi@iwinter.com.hr\n    [payment_fee] => 0.39\n    [quantity1] => 1\n    [receiver_id] => S63XQYGHM4X8N\n    [txn_type] => cart\n    [mc_gross_1] => 2.99\n    [mc_currency] => USD\n    [residence_country] => US\n    [test_ipn] => 1\n    [transaction_subject] => \n    [payment_gross] => 2.99\n    [ipn_track_id] => 9d77baf4e8f10\n)\n', NULL, NULL, NULL, NULL, NULL),
(3, '2014-06-03 22:39:44', '7', 'a:47:{s:8:"mc_gross";s:5:"20.00";s:7:"invoice";s:1:"7";s:22:"protection_eligibility";s:8:"Eligible";s:14:"address_status";s:9:"confirmed";s:12:"item_number1";s:0:"";s:8:"payer_id";s:13:"ER2LXCHKVY38Q";s:3:"tax";s:4:"0.00";s:14:"address_street";s:9:"1 Main St";s:12:"payment_date";s:25:"13:34:39 Jun 03, 2014 PDT";s:14:"payment_status";s:9:"Completed";s:7:"charset";s:12:"windows-1252";s:11:"address_zip";s:5:"95131";s:11:"mc_shipping";s:4:"0.00";s:11:"mc_handling";s:4:"0.00";s:10:"first_name";s:4:"Info";s:6:"mc_fee";s:4:"0.88";s:20:"address_country_code";s:2:"US";s:12:"address_name";s:11:"Info Winter";s:14:"notify_version";s:3:"3.8";s:6:"custom";s:0:"";s:12:"payer_status";s:8:"verified";s:8:"business";s:20:"sandi@iwinter.com.hr";s:15:"address_country";s:13:"United States";s:14:"num_cart_items";s:1:"1";s:12:"mc_handling1";s:4:"0.00";s:12:"address_city";s:8:"San Jose";s:11:"verify_sign";s:56:"A9LC3Qajo-H2V8mPq4eIktgPvG2RAQNl0qNtJ0agOtDs9xL3UMse9O06";s:11:"payer_email";s:19:"info@iwinter.com.hr";s:12:"mc_shipping1";s:4:"0.00";s:4:"tax1";s:4:"0.00";s:6:"txn_id";s:17:"38791587ML480703S";s:12:"payment_type";s:7:"instant";s:9:"last_name";s:6:"Winter";s:13:"address_state";s:2:"CA";s:10:"item_name1";s:14:"Reservation #7";s:14:"receiver_email";s:20:"sandi@iwinter.com.hr";s:11:"payment_fee";s:4:"0.88";s:9:"quantity1";s:1:"1";s:11:"receiver_id";s:13:"S63XQYGHM4X8N";s:8:"txn_type";s:4:"cart";s:10:"mc_gross_1";s:5:"20.00";s:11:"mc_currency";s:3:"USD";s:17:"residence_country";s:2:"US";s:8:"test_ipn";s:1:"1";s:19:"transaction_subject";s:0:"";s:13:"payment_gross";s:5:"20.00";s:12:"ipn_track_id";s:13:"631f1117659b2";}', 'ER2LXCHKVY38Q', '38791587ML480703S', '20.00', 'USD', 'info@iwinter.com.hr'),
(4, '2014-06-03 22:42:41', '7_RES_20.00', 'a:47:{s:8:"mc_gross";s:5:"20.00";s:7:"invoice";s:7:"7_20.00";s:22:"protection_eligibility";s:8:"Eligible";s:14:"address_status";s:9:"confirmed";s:12:"item_number1";s:0:"";s:8:"payer_id";s:13:"ER2LXCHKVY38Q";s:3:"tax";s:4:"0.00";s:14:"address_street";s:9:"1 Main St";s:12:"payment_date";s:25:"13:42:39 Jun 03, 2014 PDT";s:14:"payment_status";s:9:"Completed";s:7:"charset";s:12:"windows-1252";s:11:"address_zip";s:5:"95131";s:11:"mc_shipping";s:4:"0.00";s:11:"mc_handling";s:4:"0.00";s:10:"first_name";s:4:"Info";s:6:"mc_fee";s:4:"0.88";s:20:"address_country_code";s:2:"US";s:12:"address_name";s:11:"Info Winter";s:14:"notify_version";s:3:"3.8";s:6:"custom";s:0:"";s:12:"payer_status";s:8:"verified";s:8:"business";s:20:"sandi@iwinter.com.hr";s:15:"address_country";s:13:"United States";s:14:"num_cart_items";s:1:"1";s:12:"mc_handling1";s:4:"0.00";s:12:"address_city";s:8:"San Jose";s:11:"verify_sign";s:56:"AwD4sJJmdrzDKNGw7KMAMuZSx1AHAeHkTMI1NDF3NgxE8tGDW8SfkKVk";s:11:"payer_email";s:19:"info@iwinter.com.hr";s:12:"mc_shipping1";s:4:"0.00";s:4:"tax1";s:4:"0.00";s:6:"txn_id";s:17:"70D58185F3775394K";s:12:"payment_type";s:7:"instant";s:9:"last_name";s:6:"Winter";s:13:"address_state";s:2:"CA";s:10:"item_name1";s:14:"Reservation #7";s:14:"receiver_email";s:20:"sandi@iwinter.com.hr";s:11:"payment_fee";s:4:"0.88";s:9:"quantity1";s:1:"1";s:11:"receiver_id";s:13:"S63XQYGHM4X8N";s:8:"txn_type";s:4:"cart";s:10:"mc_gross_1";s:5:"20.00";s:11:"mc_currency";s:3:"USD";s:17:"residence_country";s:2:"US";s:8:"test_ipn";s:1:"1";s:19:"transaction_subject";s:0:"";s:13:"payment_gross";s:5:"20.00";s:12:"ipn_track_id";s:13:"416b011ce481b";}', 'ER2LXCHKVY38Q', '70D58185F3775394K', '20.00', 'USD', 'info@iwinter.com.hr'),
(5, '2014-06-03 22:48:52', '7_RES_20.001977', 'a:47:{s:8:"mc_gross";s:5:"20.00";s:7:"invoice";s:11:"7_20.001977";s:22:"protection_eligibility";s:8:"Eligible";s:14:"address_status";s:9:"confirmed";s:12:"item_number1";s:0:"";s:8:"payer_id";s:13:"ER2LXCHKVY38Q";s:3:"tax";s:4:"0.00";s:14:"address_street";s:9:"1 Main St";s:12:"payment_date";s:25:"13:48:48 Jun 03, 2014 PDT";s:14:"payment_status";s:9:"Completed";s:7:"charset";s:12:"windows-1252";s:11:"address_zip";s:5:"95131";s:11:"mc_shipping";s:4:"0.00";s:11:"mc_handling";s:4:"0.00";s:10:"first_name";s:4:"Info";s:6:"mc_fee";s:4:"0.88";s:20:"address_country_code";s:2:"US";s:12:"address_name";s:11:"Info Winter";s:14:"notify_version";s:3:"3.8";s:6:"custom";s:0:"";s:12:"payer_status";s:8:"verified";s:8:"business";s:20:"sandi@iwinter.com.hr";s:15:"address_country";s:13:"United States";s:14:"num_cart_items";s:1:"1";s:12:"mc_handling1";s:4:"0.00";s:12:"address_city";s:8:"San Jose";s:11:"verify_sign";s:56:"AfQuzaSFrGvt6rtvRwD4hrYb.JzkABhsZbG6RzQEHrWRVQMU4alyRccb";s:11:"payer_email";s:19:"info@iwinter.com.hr";s:12:"mc_shipping1";s:4:"0.00";s:4:"tax1";s:4:"0.00";s:6:"txn_id";s:17:"4WD08916J6958874J";s:12:"payment_type";s:7:"instant";s:9:"last_name";s:6:"Winter";s:13:"address_state";s:2:"CA";s:10:"item_name1";s:14:"Reservation #7";s:14:"receiver_email";s:20:"sandi@iwinter.com.hr";s:11:"payment_fee";s:4:"0.88";s:9:"quantity1";s:1:"1";s:11:"receiver_id";s:13:"S63XQYGHM4X8N";s:8:"txn_type";s:4:"cart";s:10:"mc_gross_1";s:5:"20.00";s:11:"mc_currency";s:3:"USD";s:17:"residence_country";s:2:"US";s:8:"test_ipn";s:1:"1";s:19:"transaction_subject";s:0:"";s:13:"payment_gross";s:5:"20.00";s:12:"ipn_track_id";s:13:"e5522708d8525";}', 'ER2LXCHKVY38Q', '4WD08916J6958874J', '20.00', 'USD', 'info@iwinter.com.hr'),
(6, '2014-06-03 22:52:59', '7_RES_80.006907', 'a:47:{s:8:"mc_gross";s:5:"80.00";s:7:"invoice";s:11:"7_80.006907";s:22:"protection_eligibility";s:8:"Eligible";s:14:"address_status";s:9:"confirmed";s:12:"item_number1";s:0:"";s:8:"payer_id";s:13:"ER2LXCHKVY38Q";s:3:"tax";s:4:"0.00";s:14:"address_street";s:9:"1 Main St";s:12:"payment_date";s:25:"13:52:57 Jun 03, 2014 PDT";s:14:"payment_status";s:9:"Completed";s:7:"charset";s:12:"windows-1252";s:11:"address_zip";s:5:"95131";s:11:"mc_shipping";s:4:"0.00";s:11:"mc_handling";s:4:"0.00";s:10:"first_name";s:4:"Info";s:6:"mc_fee";s:4:"2.62";s:20:"address_country_code";s:2:"US";s:12:"address_name";s:11:"Info Winter";s:14:"notify_version";s:3:"3.8";s:6:"custom";s:0:"";s:12:"payer_status";s:8:"verified";s:8:"business";s:20:"sandi@iwinter.com.hr";s:15:"address_country";s:13:"United States";s:14:"num_cart_items";s:1:"1";s:12:"mc_handling1";s:4:"0.00";s:12:"address_city";s:8:"San Jose";s:11:"verify_sign";s:56:"AqJ-WZNVutuNierV3LZLs1Y1IawwAeAS8108YGtXxNytUpVrTq49CqhV";s:11:"payer_email";s:19:"info@iwinter.com.hr";s:12:"mc_shipping1";s:4:"0.00";s:4:"tax1";s:4:"0.00";s:6:"txn_id";s:17:"64V66530TY4484937";s:12:"payment_type";s:7:"instant";s:9:"last_name";s:6:"Winter";s:13:"address_state";s:2:"CA";s:10:"item_name1";s:14:"Reservation #7";s:14:"receiver_email";s:20:"sandi@iwinter.com.hr";s:11:"payment_fee";s:4:"2.62";s:9:"quantity1";s:1:"1";s:11:"receiver_id";s:13:"S63XQYGHM4X8N";s:8:"txn_type";s:4:"cart";s:10:"mc_gross_1";s:5:"80.00";s:11:"mc_currency";s:3:"USD";s:17:"residence_country";s:2:"US";s:8:"test_ipn";s:1:"1";s:19:"transaction_subject";s:0:"";s:13:"payment_gross";s:5:"80.00";s:12:"ipn_track_id";s:13:"35c5c566e12d4";}', 'ER2LXCHKVY38Q', '64V66530TY4484937', '80.00', 'USD', 'info@iwinter.com.hr');

DROP TABLE IF EXISTS `property`;
CREATE TABLE IF NOT EXISTS `property` (
  `id` int(11) NOT NULL AUTO_INCREMENT,
  `gps` varchar(100) COLLATE utf8_unicode_ci DEFAULT NULL,
  `date` datetime DEFAULT NULL,
  `date_modified` datetime DEFAULT NULL,
  `address` varchar(200) COLLATE utf8_unicode_ci DEFAULT NULL,
  `type` varchar(45) COLLATE utf8_unicode_ci DEFAULT NULL COMMENT 'housing\nhouse\nland\nbusiness premises',
  `repository_id` int(11) DEFAULT NULL,
  `is_featured` tinyint(1) DEFAULT '0',
  `search_values` text COLLATE utf8_unicode_ci,
  `is_activated` tinyint(1) DEFAULT '1',
  `activation_paid_date` datetime DEFAULT NULL,
  `featured_paid_date` datetime DEFAULT NULL,
  `counter_views` int(11) DEFAULT '0',
  PRIMARY KEY (`id`)
) ENGINE=InnoDB  DEFAULT CHARSET=utf8 COLLATE=utf8_unicode_ci AUTO_INCREMENT=31 ;

INSERT INTO `property` (`id`, `gps`, `date`, `date_modified`, `address`, `type`, `repository_id`, `is_featured`, `search_values`, `is_activated`, `activation_paid_date`, `featured_paid_date`, `counter_views`) VALUES
(7, '45.8641278, 15.985052953442', '2013-12-30 17:41:01', '2014-08-01 14:50:58', 'Bliznec 34z, Zagreb', NULL, 27, 0, 'id: 7Bliznec 34z, Zagreb Spa Bliznec new commercial  Sale and Rent Commercial property Zagreb Zagreb  Less than 50m2 B 5 5 50000 500  trueBalcony trueAir conditioning trueGrill trueHeating trueInternet trueLift trueParking truePool  1500 1500          Toplice Bliznec novo commercial  Prodaja i najam Poslovni prostor Zagreb Zagreb  Više od 100m2 B 5 5 40000 400  trueBalkon trueKlimatizacija trueRoštilj trueGrijanje trueInternet trueDizalo trueParking trueBazen  1500 1500         ', 1, NULL, NULL, 1),
(8, '45.6146452, 15.4829956', '2013-12-30 17:47:51', '2014-08-08 19:42:07', 'Trška Cesta, Ozalj', NULL, 28, 1, 'id: 8Trška Cesta, Ozalj Ozalj apartment sold apartment  Rent Apartment Gorski Kotar Ozalj  Less than 50m2 - 1 1     trueAir conditioning trueComputer trueHeating trueInternet trueMicrowave  trueBalcony trueParking       1200 1500 1500  <iframe width="560" height="315" src="//www.youtube.com/embed/FvMCKrwo8Hc" frameborder="0" allowfullscreen></iframe>  Ozalj apartman prodano apartment  Najam Stan Gorski Kotar Ozalj  Manje od 50m2 - 1 1     trueKlimatizacija trueRačunalo trueGrijanje trueInternet trueMikrovalna  trueBalkon trueParking       1200 1500 1500  <iframe width="560" height="315" src="//www.youtube.com/embed/FvMCKrwo8Hc" frameborder="0" allowfullscreen></iframe> ', 1, NULL, NULL, 6),
(9, '45.565617390202, 15.841487716797', '2013-12-30 17:53:59', '2014-08-08 19:41:21', 'Pisarovina bb, Croatia', NULL, 29, 0, 'id: 9Pisarovina bb, Croatia Jezero restourant sold commercial  Sale Commercial property Karlovac Pisarovina  50-100m2 - 1 0     trueAir conditioning trueComputer trueDishwasher trueHeating trueInternet trueMicrowave  trueBalcony trueGrill truePool trueParking     1500 1500 1500      Restoran jezero prodano commercial  Prodaja Poslovni prostor Karlovac Pisarovina  50-100m2 - 1 0     trueKlimatizacija trueRačunalo truePerilica suđa trueGrijanje trueInternet trueMikrovalna  trueBalkon trueRoštilj trueBazen trueParking     1500 1500 1500     ', 1, NULL, NULL, 0),
(10, '45.984839065493, 16.557055105371', '2013-12-30 19:43:29', '2014-08-01 14:50:07', 'Cubinec 11, Croatia', NULL, 30, 0, 'id: 10Cubinec 11, Croatia Lux apartment action apartment  Sale Apartment Križevci Cubinec  Less than 50m2 - 1 1    trueAir conditioning trueCable TV trueComputer trueDishwasher trueHeating trueInternet trueLift trueMicrowave trueParking   1200          Lux apartman akcija apartment  Prodaja Stan Križevci Cubinec  Manje od 50m2 - 1 1    trueKlimatizacija trueKabelska TV trueRačunalo truePerilica suđa trueGrijanje trueInternet trueDizalo trueMikrovalna trueParking   1200         ', 1, NULL, NULL, 0),
(11, '46.2358281, 16.1003414', '2013-12-30 22:39:03', '2014-08-01 14:49:51', 'Jerovec 16, Croatia', NULL, 31, 0, 'id: 11Jerovec 16, Croatia Sky apartment empty apartment  Sale Apartment Varaždinska Ivanec  50-100m2 - 1 2    trueBalcony trueGrill trueHeating truePool    1200 1200        Sky apartman empty apartment  Prodaja Stan Varaždinska Ivanec  50-100m2 - 1 2    trueBalkon trueRoštilj trueGrijanje trueBazen    1200 1200       ', 1, NULL, NULL, 0),
(12, '46.2969952, 16.4071829', '2013-12-30 22:44:07', '2014-08-01 14:49:37', 'Zeleni put 21, Croatia', NULL, 32, 1, 'id: 12Zeleni put 21, Croatia Retro House new house  Sale House Varaždinska Trnovec Bartolovečki  50-100m2 - 1 1 60000   trueBalcony trueAir conditioning trueCable TV trueComputer trueDishwasher trueGrill       1200 1200 1200    Retro kuća empty house  Prodaja Kuća Varaždinska Trnovec Bartolovečki  Manje od 50m2 - 1 1 50000   trueBalkon trueKlimatizacija trueKabelska TV trueRačunalo truePerilica suđa trueRoštilj       1200 1200 1200   ', 1, NULL, NULL, 0),
(13, '45.8246923, 16.1042795', '2014-01-02 12:45:52', '2014-08-01 14:49:09', 'Sesvete, Slatinska 23', NULL, 33, 0, 'id: 13Sesvete, Slatinska 23 Yellow wood empty house  Sale House Zagrebačka Sesvete  50-100m2 - 1 1    trueBalcony trueAir conditioning trueCable TV trueComputer trueDishwasher       300 300 300    Žuto drvo empty house  Prodaja Kuća Zagrebačka Sesvete  50-100m2 - 1 1    trueBalkon trueKlimatizacija trueKabelska TV trueRačunalo truePerilica suđa       300 300 300   ', 1, NULL, NULL, 0),
(14, '45.7684461, 15.9995349', '2014-01-02 13:49:32', '2014-09-28 21:05:47', 'Vatikanska 11, Zagreb, Croatia', NULL, 34, 1, 'id: 14Vatikanska 11, Zagreb, Croatia Black glass house action house 5  Sale House Zagreb Zagreb  More than 100m2 - 2 2    Owner 3  trueAir conditioning trueCable TV trueComputer trueMicrowave  trueBalcony trueLift truePool trueParking  500 500 500 500 500 500 500 600    Kuća crno staklo empty house 5  Prodaja Kuća Zagreb Zagreb  Više od 100m2 - 2 2    Vlasnik 3  trueKlimatizacija trueKabelska TV trueRačunalo trueMikrovalna  trueBalkon trueDizalo trueBazen trueParking  500 500 500 500 500 500 500 600   ', 1, NULL, NULL, 120),
(15, '45.8966827, 16.4286529', '2014-01-02 14:00:24', '2014-08-01 14:48:50', 'Cerje 1, Vrbovec, Croatia', NULL, 35, 0, 'id: 15Cerje 1, Vrbovec, Croatia Round towers empty house  Sale House Zagrebačka Vrbovec  Less than 50m2 - 2 2    trueBalcony trueAir conditioning trueCable TV trueComputer trueParking truePool  200 200 200         Okrugle kule empty house  Prodaja Stan Zagrebačka Vrbovec  Više od 100m2 - 2 2    trueBalkon trueKlimatizacija trueKabelska TV trueRačunalo trueParking trueBazen  200 200 200        ', 1, NULL, NULL, 0),
(16, '46.0268, 16.0638672', '2014-01-02 14:03:29', '2014-08-01 14:48:32', 'Selnica 43, Zlatar Bistrica, Croatia', NULL, 36, 0, 'id: 16Selnica 43, Zlatar Bistrica, Croatia Fear wood empty land  Sale Land Zagorje Zlatar Bistrica  50-100m2 - 1 1    trueBalcony trueAir conditioning trueCable TV trueDishwasher     100        Drvo straha empty land  Prodaja Zemljište Zagorje Zlatar Bistrica  50-100m2 - 1 1    trueBalkon trueKlimatizacija trueKabelska TV truePerilica suđa     100       ', 1, NULL, NULL, 0),
(17, '45.732989713277, 16.302742710937', '2014-01-02 14:07:41', '2014-09-23 21:12:05', 'Ježevo 32, Ivanić Grad, Croatia', NULL, 37, 0, 'id: 17Ježevo 32, Ivanić Grad, Croatia Classic American empty house  Sale House Zagrebačka Ivanić Grad  Less than 50m2 - 1 1    Agent   trueDishwasher   400           Američka kuća empty house  Prodaja Stan zagrebačka Ivanić Grad  Manje od 50m2 - 1 1    Agent   truePerilica suđa   400          ', 1, NULL, NULL, 0),
(18, '46.1687305, 16.3341206', '2014-01-02 14:12:36', '2014-08-01 14:48:03', 'Remetinec 23, Novi Marof, Croatia', NULL, 38, 0, 'id: 18Remetinec 23, Novi Marof, Croatia Small beauty empty house  Sale House Varaždinska Novi Marof  50-100m2 - 1 1    trueGrill trueHeating trueInternet    50         Malena ljepotica empty house  Prodaja Kuća Varaždinska Novi Marof  50-100m2 - 1 1    trueRoštilj trueGrijanje trueInternet    50        ', 1, NULL, NULL, 0),
(19, '45.9599389, 16.2435431', '2014-01-02 14:16:22', '2014-08-01 14:47:45', 'Radoišće 23, Sveti Ivan Zelina, Croatia', NULL, 39, 0, 'id: 19Radoišće 23, Sveti Ivan Zelina, Croatia Retro old empty house  Sale House Zagorje Sveti Ivan Zelika 11000 Less than 50m2 - 1 1    trueBalcony trueMicrowave trueParking truePool       800 800     Stari retro empty house  Prodaja Kuća Zagorje Sveti Ivan Zelika 11000 Više od 100m2 - 1 1    trueBalkon trueMikrovalna trueParking trueBazen       800 800    ', 1, NULL, NULL, 0),
(29, '46.3785003, 16.0796548', '2014-03-07 20:12:14', '2014-08-18 17:19:19', 'Veliki lovrečan', NULL, 195, 0, 'id: 29Veliki lovrečan My property new house  Sale House Varaždinska Cestica  50-100m2 D 2 2     trueAir conditioning trueCable TV  trueBalcony        700 700    Moja nekretnina novo house  Prodaja Kuća Varaždinska Cestica  50-100m2 D 2 2     trueKlimatizacija trueKabelska TV  trueBalkon        700 700   ', 0, NULL, NULL, 0),
(30, '45.910882308546, 16.863431987988', '2014-02-16 14:34:00', '2014-09-07 14:50:44', 'Bjelovar', NULL, 197, 0, 'id: 30Bjelovar Bjelovar estate empty apartment  Sale Apartment Bjelovarska Bjelovar  Less than 50m2 - 3 3    Agent   trueAir conditioning trueComputer  trueBalcony  600 600 600 600        Bjelovar nekretnina empty apartment  Prodaja Stan Bjelovarska Bjelovar  Manje od 50m2 - 3 3    Agent   trueKlimatizacija trueRačunalo  trueBalkon  600 600 600 600       ', 1, NULL, NULL, 1);

DROP TABLE IF EXISTS `property_user`;
CREATE TABLE IF NOT EXISTS `property_user` (
  `id` int(11) NOT NULL AUTO_INCREMENT,
  `property_id` int(11) NOT NULL,
  `user_id` int(11) NOT NULL,
  PRIMARY KEY (`id`),
  KEY `fk_property_has_user_user1` (`user_id`),
  KEY `fk_property_has_user_property1` (`property_id`)
) ENGINE=InnoDB  DEFAULT CHARSET=utf8 COLLATE=utf8_unicode_ci AUTO_INCREMENT=215 ;

INSERT INTO `property_user` (`id`, `property_id`, `user_id`) VALUES
(91, 30, 18),
(113, 29, 18),
(191, 19, 11),
(192, 18, 9),
(194, 16, 9),
(195, 15, 10),
(196, 13, 10),
(197, 12, 11),
(198, 11, 11),
(199, 10, 11),
(202, 7, 9),
(207, 9, 9),
(209, 8, 9),
(212, 17, 9),
(214, 14, 10);

DROP TABLE IF EXISTS `property_value`;
CREATE TABLE IF NOT EXISTS `property_value` (
  `id` int(11) NOT NULL AUTO_INCREMENT,
  `language_id` int(11) NOT NULL,
  `property_id` int(11) NOT NULL,
  `option_id` int(11) NOT NULL,
  `value` text COLLATE utf8_unicode_ci,
  `value_num` int(11) DEFAULT NULL,
  PRIMARY KEY (`id`),
  KEY `fk_property_value_language1` (`language_id`),
  KEY `fk_property_value_property1` (`property_id`),
  KEY `fk_property_value_option1` (`option_id`)
) ENGINE=InnoDB  DEFAULT CHARSET=utf8 COLLATE=utf8_unicode_ci AUTO_INCREMENT=14726 ;

INSERT INTO `property_value` (`id`, `language_id`, `property_id`, `option_id`, `value`, `value_num`) VALUES
(12374, 1, 19, 10, 'Retro old', NULL),
(12375, 1, 19, 8, 'Lorem ipsum dolor sit amet, consectetur adipiscing elit. Sed vulputate \r\nnec neque gravida rhoncus. Donec sit amet blandit mauris, sed bibendum \r\nrisus.', NULL),
(12376, 1, 19, 17, '<p>\r\nLorem ipsum dolor sit amet, consectetur adipiscing elit. Sed vulputate \r\nnec neque gravida rhoncus. Donec sit amet blandit mauris, sed bibendum \r\nrisus. Cras ut urna semper, facilisis augue sed, imperdiet nulla. Duis \r\ntristique tellus tortor, dapibus gravida sem sodales id. Nullam quis \r\nconvallis libero, vitae pulvinar nisi.</p><p><span style="font-weight: bold;">Nam eget est facilisis, porta mi \r\nac, ultricies enim. Proin nisi diam, eleifend ac eleifend in, dapibus in\r\n orci. Vestibulum elementum lectus non nisl venenatis, tempus molestie \r\nnisi tempus. Pellentesque facilisis nibh nec purus blandit, id aliquam \r\nlorem fermentum.\r\n</span></p>\r\n<p>\r\n<span style="font-style: italic;">Ut erat lacus, sagittis ac leo eu, molestie mattis libero. Nam sit amet \r\nmassa et magna porttitor eleifend a aliquam nunc. Pellentesque a est a \r\naugue dignissim tristique eu nec augue. Integer pretium sollicitudin \r\ntellus, quis hendrerit nunc accumsan et. Fusce bibendum a neque vel \r\nfringilla. Vivamus viverra enim at purus gravida, in elementum neque \r\neleifend. Curabitur sodales dapibus urna, at mattis lacus eleifend non. \r\nDonec ultricies porta orci eu congue. Nulla sodales arcu a libero \r\naliquet, nec aliquam ante sagittis.</span></p>', NULL),
(12377, 1, 19, 38, 'empty', NULL),
(12378, 1, 19, 6, 'house', NULL),
(12379, 1, 19, 1, '0', NULL),
(12380, 1, 19, 4, 'Sale', NULL),
(12381, 1, 19, 2, 'House', NULL),
(12382, 1, 19, 5, 'Zagorje', NULL),
(12383, 1, 19, 7, 'Sveti Ivan Zelika', NULL),
(12384, 1, 19, 40, '11000', 11000),
(12385, 1, 19, 3, 'Less than 50m2', NULL),
(12386, 1, 19, 39, '-', NULL),
(12387, 1, 19, 19, '1', 1),
(12388, 1, 19, 20, '1', 1),
(12389, 1, 19, 36, '', NULL),
(12390, 1, 19, 37, '', NULL),
(12391, 1, 19, 21, '0', NULL),
(12392, 1, 19, 11, 'true', NULL),
(12393, 1, 19, 22, '0', NULL),
(12394, 1, 19, 23, '0', NULL),
(12395, 1, 19, 24, '0', NULL),
(12396, 1, 19, 25, '0', NULL),
(12397, 1, 19, 27, '0', NULL),
(12398, 1, 19, 28, '0', NULL),
(12399, 1, 19, 29, '0', NULL),
(12400, 1, 19, 30, '0', NULL),
(12401, 1, 19, 31, 'true', NULL),
(12402, 1, 19, 32, 'true', NULL),
(12403, 1, 19, 33, 'true', NULL),
(12404, 1, 19, 43, '0', NULL),
(12405, 1, 19, 44, '', NULL),
(12406, 1, 19, 45, '', NULL),
(12407, 1, 19, 46, '', NULL),
(12408, 1, 19, 47, '', NULL),
(12409, 1, 19, 48, '', NULL),
(12410, 1, 19, 49, '800', 800),
(12411, 1, 19, 50, '800', 800),
(12412, 1, 19, 51, '', NULL),
(12413, 1, 19, 9, '0', NULL),
(12414, 1, 19, 12, '', NULL),
(12415, 1, 19, 42, '0', NULL),
(12416, 2, 19, 10, 'Stari retro', NULL),
(12417, 2, 19, 8, 'Lorem ipsum dolor sit amet, consectetur adipiscing elit. Sed vulputate \r\nnec neque gravida rhoncus. Donec sit amet blandit mauris, sed bibendum \r\nrisus.', NULL),
(12418, 2, 19, 17, '<p>\r\nLorem ipsum dolor sit amet, consectetur adipiscing elit. Sed vulputate \r\nnec neque gravida rhoncus. Donec sit amet blandit mauris, sed bibendum \r\nrisus. Cras ut urna semper, facilisis augue sed, imperdiet nulla. Duis \r\ntristique tellus tortor, dapibus gravida sem sodales id. Nullam quis \r\nconvallis libero, vitae pulvinar nisi.</p><p><span style="font-weight: bold;">Nam eget est facilisis, porta mi \r\nac, ultricies enim. Proin nisi diam, eleifend ac eleifend in, dapibus in\r\n orci. Vestibulum elementum lectus non nisl venenatis, tempus molestie \r\nnisi tempus. Pellentesque facilisis nibh nec purus blandit, id aliquam \r\nlorem fermentum.\r\n</span></p>\r\n<p>\r\n<span style="font-style: italic;">Ut erat lacus, sagittis ac leo eu, molestie mattis libero. Nam sit amet \r\nmassa et magna porttitor eleifend a aliquam nunc. Pellentesque a est a \r\naugue dignissim tristique eu nec augue. Integer pretium sollicitudin \r\ntellus, quis hendrerit nunc accumsan et. Fusce bibendum a neque vel \r\nfringilla. Vivamus viverra enim at purus gravida, in elementum neque \r\neleifend. Curabitur sodales dapibus urna, at mattis lacus eleifend non. \r\nDonec ultricies porta orci eu congue. Nulla sodales arcu a libero \r\naliquet, nec aliquam ante sagittis.</span></p>', NULL),
(12419, 2, 19, 38, 'empty', NULL),
(12420, 2, 19, 6, 'house', NULL),
(12421, 2, 19, 1, '0', NULL),
(12422, 2, 19, 4, 'Prodaja', NULL),
(12423, 2, 19, 2, 'Kuća', NULL),
(12424, 2, 19, 5, 'Zagorje', NULL),
(12425, 2, 19, 7, 'Sveti Ivan Zelika', NULL),
(12426, 2, 19, 40, '11000', 11000),
(12427, 2, 19, 3, 'Više od 100m2', NULL),
(12428, 2, 19, 39, '-', NULL),
(12429, 2, 19, 19, '1', 1),
(12430, 2, 19, 20, '1', 1),
(12431, 2, 19, 36, '', NULL),
(12432, 2, 19, 37, '', NULL),
(12433, 2, 19, 21, '0', NULL),
(12434, 2, 19, 11, 'true', NULL),
(12435, 2, 19, 22, '0', NULL),
(12436, 2, 19, 23, '0', NULL),
(12437, 2, 19, 24, '0', NULL),
(12438, 2, 19, 25, '0', NULL),
(12439, 2, 19, 27, '0', NULL),
(12440, 2, 19, 28, '0', NULL),
(12441, 2, 19, 29, '0', NULL),
(12442, 2, 19, 30, '0', NULL),
(12443, 2, 19, 31, 'true', NULL),
(12444, 2, 19, 32, 'true', NULL),
(12445, 2, 19, 33, 'true', NULL),
(12446, 2, 19, 43, '0', NULL),
(12447, 2, 19, 44, '', NULL),
(12448, 2, 19, 45, '', NULL),
(12449, 2, 19, 46, '', NULL),
(12450, 2, 19, 47, '', NULL),
(12451, 2, 19, 48, '', NULL),
(12452, 2, 19, 49, '800', 800),
(12453, 2, 19, 50, '800', 800),
(12454, 2, 19, 51, '', NULL),
(12455, 2, 19, 9, '0', NULL),
(12456, 2, 19, 12, '', NULL),
(12457, 2, 19, 42, '0', NULL),
(12458, 1, 18, 10, 'Small beauty', NULL),
(12459, 1, 18, 8, 'Lorem ipsum dolor sit amet, consectetur adipiscing elit. Sed vulputate \r\nnec neque gravida rhoncus. Donec sit amet blandit mauris, sed bibendum \r\nrisus.', NULL),
(12460, 1, 18, 17, '<p>\r\nLorem ipsum dolor sit amet, consectetur adipiscing elit. Sed vulputate \r\nnec neque gravida rhoncus. Donec sit amet blandit mauris, sed bibendum \r\nrisus. Cras ut urna semper, facilisis augue sed, imperdiet nulla. Duis \r\ntristique tellus tortor, dapibus gravida sem sodales id. Nullam quis \r\nconvallis libero, vitae pulvinar nisi.</p><p><span style="font-weight: bold;">Nam eget est facilisis, porta mi \r\nac, ultricies enim. Proin nisi diam, eleifend ac eleifend in, dapibus in\r\n orci. Vestibulum elementum lectus non nisl venenatis, tempus molestie \r\nnisi tempus. Pellentesque facilisis nibh nec purus blandit, id aliquam \r\nlorem fermentum.\r\n</span></p>\r\n<p>\r\n<span style="font-style: italic;">Ut erat lacus, sagittis ac leo eu, molestie mattis libero. Nam sit amet \r\nmassa et magna porttitor eleifend a aliquam nunc. Pellentesque a est a \r\naugue dignissim tristique eu nec augue. Integer pretium sollicitudin \r\ntellus, quis hendrerit nunc accumsan et. Fusce bibendum a neque vel \r\nfringilla. Vivamus viverra enim at purus gravida, in elementum neque \r\neleifend. Curabitur sodales dapibus urna, at mattis lacus eleifend non. \r\nDonec ultricies porta orci eu congue. Nulla sodales arcu a libero \r\naliquet, nec aliquam ante sagittis.</span></p>', NULL),
(12461, 1, 18, 38, 'empty', NULL),
(12462, 1, 18, 6, 'house', NULL),
(12463, 1, 18, 1, '0', NULL),
(12464, 1, 18, 4, 'Sale', NULL),
(12465, 1, 18, 2, 'House', NULL),
(12466, 1, 18, 5, 'Varaždinska', NULL),
(12467, 1, 18, 7, 'Novi Marof', NULL),
(12468, 1, 18, 40, '', NULL),
(12469, 1, 18, 3, '50-100m2', NULL),
(12470, 1, 18, 39, '-', NULL),
(12471, 1, 18, 19, '1', 1),
(12472, 1, 18, 20, '1', 1),
(12473, 1, 18, 36, '', NULL),
(12474, 1, 18, 37, '', NULL),
(12475, 1, 18, 21, '0', NULL),
(12476, 1, 18, 11, '0', NULL),
(12477, 1, 18, 22, '0', NULL),
(12478, 1, 18, 23, '0', NULL),
(12479, 1, 18, 24, '0', NULL),
(12480, 1, 18, 25, '0', NULL),
(12481, 1, 18, 27, 'true', NULL),
(12482, 1, 18, 28, 'true', NULL),
(12483, 1, 18, 29, 'true', NULL),
(12484, 1, 18, 30, '0', NULL),
(12485, 1, 18, 31, '0', NULL),
(12486, 1, 18, 32, '0', NULL),
(12487, 1, 18, 33, '0', NULL),
(12488, 1, 18, 43, '0', NULL),
(12489, 1, 18, 44, '', NULL),
(12490, 1, 18, 45, '', NULL),
(12491, 1, 18, 46, '50', 50),
(12492, 1, 18, 47, '', NULL),
(12493, 1, 18, 48, '', NULL),
(12494, 1, 18, 49, '', NULL),
(12495, 1, 18, 50, '', NULL),
(12496, 1, 18, 51, '', NULL),
(12497, 1, 18, 9, '0', NULL),
(12498, 1, 18, 12, '', NULL),
(12499, 1, 18, 42, '0', NULL),
(12500, 2, 18, 10, 'Malena ljepotica', NULL),
(12501, 2, 18, 8, 'Lorem ipsum dolor sit amet, consectetur adipiscing elit. Sed vulputate \r\nnec neque gravida rhoncus. Donec sit amet blandit mauris, sed bibendum \r\nrisus.', NULL),
(12502, 2, 18, 17, '<p>\r\nLorem ipsum dolor sit amet, consectetur adipiscing elit. Sed vulputate \r\nnec neque gravida rhoncus. Donec sit amet blandit mauris, sed bibendum \r\nrisus. Cras ut urna semper, facilisis augue sed, imperdiet nulla. Duis \r\ntristique tellus tortor, dapibus gravida sem sodales id. Nullam quis \r\nconvallis libero, vitae pulvinar nisi.</p><p><span style="font-weight: bold;">Nam eget est facilisis, porta mi \r\nac, ultricies enim. Proin nisi diam, eleifend ac eleifend in, dapibus in\r\n orci. Vestibulum elementum lectus non nisl venenatis, tempus molestie \r\nnisi tempus. Pellentesque facilisis nibh nec purus blandit, id aliquam \r\nlorem fermentum.\r\n</span></p>\r\n<p>\r\n<span style="font-style: italic;">Ut erat lacus, sagittis ac leo eu, molestie mattis libero. Nam sit amet \r\nmassa et magna porttitor eleifend a aliquam nunc. Pellentesque a est a \r\naugue dignissim tristique eu nec augue. Integer pretium sollicitudin \r\ntellus, quis hendrerit nunc accumsan et. Fusce bibendum a neque vel \r\nfringilla. Vivamus viverra enim at purus gravida, in elementum neque \r\neleifend. Curabitur sodales dapibus urna, at mattis lacus eleifend non. \r\nDonec ultricies porta orci eu congue. Nulla sodales arcu a libero \r\naliquet, nec aliquam ante sagittis.</span></p>', NULL),
(12503, 2, 18, 38, 'empty', NULL),
(12504, 2, 18, 6, 'house', NULL),
(12505, 2, 18, 1, '0', NULL),
(12506, 2, 18, 4, 'Prodaja', NULL),
(12507, 2, 18, 2, 'Kuća', NULL),
(12508, 2, 18, 5, 'Varaždinska', NULL),
(12509, 2, 18, 7, 'Novi Marof', NULL),
(12510, 2, 18, 40, '', NULL),
(12511, 2, 18, 3, '50-100m2', NULL),
(12512, 2, 18, 39, '-', NULL),
(12513, 2, 18, 19, '1', 1),
(12514, 2, 18, 20, '1', 1),
(12515, 2, 18, 36, '', NULL),
(12516, 2, 18, 37, '', NULL),
(12517, 2, 18, 21, '0', NULL),
(12518, 2, 18, 11, '0', NULL),
(12519, 2, 18, 22, '0', NULL),
(12520, 2, 18, 23, '0', NULL),
(12521, 2, 18, 24, '0', NULL),
(12522, 2, 18, 25, '0', NULL),
(12523, 2, 18, 27, 'true', NULL),
(12524, 2, 18, 28, 'true', NULL),
(12525, 2, 18, 29, 'true', NULL),
(12526, 2, 18, 30, '0', NULL),
(12527, 2, 18, 31, '0', NULL),
(12528, 2, 18, 32, '0', NULL),
(12529, 2, 18, 33, '0', NULL),
(12530, 2, 18, 43, '0', NULL),
(12531, 2, 18, 44, '', NULL),
(12532, 2, 18, 45, '', NULL),
(12533, 2, 18, 46, '50', 50),
(12534, 2, 18, 47, '', NULL),
(12535, 2, 18, 48, '', NULL),
(12536, 2, 18, 49, '', NULL),
(12537, 2, 18, 50, '', NULL),
(12538, 2, 18, 51, '', NULL),
(12539, 2, 18, 9, '0', NULL),
(12540, 2, 18, 12, '', NULL),
(12541, 2, 18, 42, '0', NULL),
(12626, 1, 16, 10, 'Fear wood', NULL),
(12627, 1, 16, 8, 'Lorem ipsum dolor sit amet, consectetur adipiscing elit. Sed vulputate \r\nnec neque gravida rhoncus. Donec sit amet blandit mauris, sed bibendum \r\nrisus. Cras ut urna semper, facilisis augue sed, imperdiet nulla. Duis \r\ntristique tellus tortor, dapibus gravida sem sodales id. Nullam quis \r\nconvallis libero, vitae pulvinar nisi.', NULL),
(12628, 1, 16, 17, '<p>\r\nLorem ipsum dolor sit amet, consectetur adipiscing elit. Sed vulputate \r\nnec neque gravida rhoncus. Donec sit amet blandit mauris, sed bibendum \r\nrisus. Cras ut urna semper, facilisis augue sed, imperdiet nulla. Duis \r\ntristique tellus tortor, dapibus gravida sem sodales id. Nullam quis \r\nconvallis libero, vitae pulvinar nisi.</p><p><span style="font-weight: bold;">Nam eget est facilisis, porta mi \r\nac, ultricies enim. Proin nisi diam, eleifend ac eleifend in, dapibus in\r\n orci. Vestibulum elementum lectus non nisl venenatis, tempus molestie \r\nnisi tempus. Pellentesque facilisis nibh nec purus blandit, id aliquam \r\nlorem fermentum.\r\n</span></p>\r\n<p>\r\n<span style="font-style: italic;">Ut erat lacus, sagittis ac leo eu, molestie mattis libero. Nam sit amet \r\nmassa et magna porttitor eleifend a aliquam nunc. Pellentesque a est a \r\naugue dignissim tristique eu nec augue. Integer pretium sollicitudin \r\ntellus, quis hendrerit nunc accumsan et. Fusce bibendum a neque vel \r\nfringilla. Vivamus viverra enim at purus gravida, in elementum neque \r\neleifend. Curabitur sodales dapibus urna, at mattis lacus eleifend non. \r\nDonec ultricies porta orci eu congue. Nulla sodales arcu a libero \r\naliquet, nec aliquam ante sagittis.</span></p>', NULL),
(12629, 1, 16, 38, 'empty', NULL),
(12630, 1, 16, 6, 'land', NULL),
(12631, 1, 16, 1, '0', NULL),
(12632, 1, 16, 4, 'Sale', NULL),
(12633, 1, 16, 2, 'Land', NULL),
(12634, 1, 16, 5, 'Zagorje', NULL),
(12635, 1, 16, 7, 'Zlatar Bistrica', NULL),
(12636, 1, 16, 40, '', NULL),
(12637, 1, 16, 3, '50-100m2', NULL),
(12638, 1, 16, 39, '-', NULL),
(12639, 1, 16, 19, '1', 1),
(12640, 1, 16, 20, '1', 1),
(12641, 1, 16, 36, '', NULL),
(12642, 1, 16, 37, '', NULL),
(12643, 1, 16, 21, '0', NULL),
(12644, 1, 16, 11, 'true', NULL),
(12645, 1, 16, 22, 'true', NULL),
(12646, 1, 16, 23, 'true', NULL),
(12647, 1, 16, 24, '0', NULL),
(12648, 1, 16, 25, 'true', NULL),
(12649, 1, 16, 27, '0', NULL),
(12650, 1, 16, 28, '0', NULL),
(12651, 1, 16, 29, '0', NULL),
(12652, 1, 16, 30, '0', NULL),
(12653, 1, 16, 31, '0', NULL),
(12654, 1, 16, 32, '0', NULL),
(12655, 1, 16, 33, '0', NULL),
(12656, 1, 16, 43, '0', NULL),
(12657, 1, 16, 44, '', NULL),
(12658, 1, 16, 45, '', NULL),
(12659, 1, 16, 46, '', NULL),
(12660, 1, 16, 47, '100', 100),
(12661, 1, 16, 48, '', NULL),
(12662, 1, 16, 49, '', NULL),
(12663, 1, 16, 50, '', NULL),
(12664, 1, 16, 51, '', NULL),
(12665, 1, 16, 9, '0', NULL),
(12666, 1, 16, 12, '', NULL),
(12667, 1, 16, 42, '0', NULL),
(12668, 2, 16, 10, 'Drvo straha', NULL),
(12669, 2, 16, 8, 'Lorem ipsum dolor sit amet, consectetur adipiscing elit. Sed vulputate \r\nnec neque gravida rhoncus. Donec sit amet blandit mauris, sed bibendum \r\nrisus. Cras ut urna semper, facilisis augue sed, imperdiet nulla. Duis \r\ntristique tellus tortor, dapibus gravida sem sodales id. Nullam quis \r\nconvallis libero, vitae pulvinar nisi.', NULL),
(12670, 2, 16, 17, '<p>\r\nLorem ipsum dolor sit amet, consectetur adipiscing elit. Sed vulputate \r\nnec neque gravida rhoncus. Donec sit amet blandit mauris, sed bibendum \r\nrisus. Cras ut urna semper, facilisis augue sed, imperdiet nulla. Duis \r\ntristique tellus tortor, dapibus gravida sem sodales id. Nullam quis \r\nconvallis libero, vitae pulvinar nisi.</p><p><span style="font-weight: bold;">Nam eget est facilisis, porta mi \r\nac, ultricies enim. Proin nisi diam, eleifend ac eleifend in, dapibus in\r\n orci. Vestibulum elementum lectus non nisl venenatis, tempus molestie \r\nnisi tempus. Pellentesque facilisis nibh nec purus blandit, id aliquam \r\nlorem fermentum.\r\n</span></p>\r\n<p>\r\n<span style="font-style: italic;">Ut erat lacus, sagittis ac leo eu, molestie mattis libero. Nam sit amet \r\nmassa et magna porttitor eleifend a aliquam nunc. Pellentesque a est a \r\naugue dignissim tristique eu nec augue. Integer pretium sollicitudin \r\ntellus, quis hendrerit nunc accumsan et. Fusce bibendum a neque vel \r\nfringilla. Vivamus viverra enim at purus gravida, in elementum neque \r\neleifend. Curabitur sodales dapibus urna, at mattis lacus eleifend non. \r\nDonec ultricies porta orci eu congue. Nulla sodales arcu a libero \r\naliquet, nec aliquam ante sagittis.</span></p>', NULL),
(12671, 2, 16, 38, 'empty', NULL),
(12672, 2, 16, 6, 'land', NULL),
(12673, 2, 16, 1, '0', NULL),
(12674, 2, 16, 4, 'Prodaja', NULL),
(12675, 2, 16, 2, 'Zemljište', NULL),
(12676, 2, 16, 5, 'Zagorje', NULL),
(12677, 2, 16, 7, 'Zlatar Bistrica', NULL),
(12678, 2, 16, 40, '', NULL),
(12679, 2, 16, 3, '50-100m2', NULL),
(12680, 2, 16, 39, '-', NULL),
(12681, 2, 16, 19, '1', 1),
(12682, 2, 16, 20, '1', 1),
(12683, 2, 16, 36, '', NULL),
(12684, 2, 16, 37, '', NULL),
(12685, 2, 16, 21, '0', NULL),
(12686, 2, 16, 11, 'true', NULL),
(12687, 2, 16, 22, 'true', NULL),
(12688, 2, 16, 23, 'true', NULL),
(12689, 2, 16, 24, '0', NULL),
(12690, 2, 16, 25, 'true', NULL),
(12691, 2, 16, 27, '0', NULL),
(12692, 2, 16, 28, '0', NULL),
(12693, 2, 16, 29, '0', NULL),
(12694, 2, 16, 30, '0', NULL),
(12695, 2, 16, 31, '0', NULL),
(12696, 2, 16, 32, '0', NULL),
(12697, 2, 16, 33, '0', NULL),
(12698, 2, 16, 43, '0', NULL),
(12699, 2, 16, 44, '', NULL),
(12700, 2, 16, 45, '', NULL),
(12701, 2, 16, 46, '', NULL),
(12702, 2, 16, 47, '100', 100),
(12703, 2, 16, 48, '', NULL),
(12704, 2, 16, 49, '', NULL),
(12705, 2, 16, 50, '', NULL),
(12706, 2, 16, 51, '', NULL),
(12707, 2, 16, 9, '0', NULL),
(12708, 2, 16, 12, '', NULL),
(12709, 2, 16, 42, '0', NULL),
(12710, 1, 15, 10, 'Round towers', NULL),
(12711, 1, 15, 8, 'Lorem ipsum dolor sit amet, consectetur adipiscing elit. Sed vulputate \r\nnec neque gravida rhoncus. Donec sit amet blandit mauris, sed bibendum \r\nrisus. Cras ut urna semper, facilisis augue sed, imperdiet nulla. Duis \r\ntristique tellus tortor, dapibus gravida sem sodales id. Nullam quis \r\nconvallis libero, vitae pulvinar nisi.', NULL),
(12712, 1, 15, 17, '<p>\r\nLorem ipsum dolor sit amet, consectetur adipiscing elit. Sed vulputate \r\nnec neque gravida rhoncus. Donec sit amet blandit mauris, sed bibendum \r\nrisus. Cras ut urna semper, facilisis augue sed, imperdiet nulla. Duis \r\ntristique tellus tortor, dapibus gravida sem sodales id. Nullam quis \r\nconvallis libero, vitae pulvinar nisi.</p><p><span style="font-weight: bold;">Nam eget est facilisis, porta mi \r\nac, ultricies enim. Proin nisi diam, eleifend ac eleifend in, dapibus in\r\n orci. Vestibulum elementum lectus non nisl venenatis, tempus molestie \r\nnisi tempus. Pellentesque facilisis nibh nec purus blandit, id aliquam \r\nlorem fermentum.\r\n</span></p>\r\n<p>\r\n<span style="font-style: italic;">Ut erat lacus, sagittis ac leo eu, molestie mattis libero. Nam sit amet \r\nmassa et magna porttitor eleifend a aliquam nunc. Pellentesque a est a \r\naugue dignissim tristique eu nec augue. Integer pretium sollicitudin \r\ntellus, quis hendrerit nunc accumsan et. Fusce bibendum a neque vel \r\nfringilla. Vivamus viverra enim at purus gravida, in elementum neque \r\neleifend. Curabitur sodales dapibus urna, at mattis lacus eleifend non. \r\nDonec ultricies porta orci eu congue. Nulla sodales arcu a libero \r\naliquet, nec aliquam ante sagittis.</span></p>', NULL),
(12713, 1, 15, 38, 'empty', NULL),
(12714, 1, 15, 6, 'house', NULL),
(12715, 1, 15, 1, '0', NULL),
(12716, 1, 15, 4, 'Sale', NULL),
(12717, 1, 15, 2, 'House', NULL),
(12718, 1, 15, 5, 'Zagrebačka', NULL),
(12719, 1, 15, 7, 'Vrbovec', NULL),
(12720, 1, 15, 40, '', NULL),
(12721, 1, 15, 3, 'Less than 50m2', NULL),
(12722, 1, 15, 39, '-', NULL),
(12723, 1, 15, 19, '2', 2),
(12724, 1, 15, 20, '2', 2),
(12725, 1, 15, 36, '', NULL),
(12726, 1, 15, 37, '', NULL),
(12727, 1, 15, 21, '0', NULL),
(12728, 1, 15, 11, 'true', NULL),
(12729, 1, 15, 22, 'true', NULL),
(12730, 1, 15, 23, 'true', NULL),
(12731, 1, 15, 24, 'true', NULL),
(12732, 1, 15, 25, '0', NULL),
(12733, 1, 15, 27, '0', NULL),
(12734, 1, 15, 28, '0', NULL),
(12735, 1, 15, 29, '0', NULL),
(12736, 1, 15, 30, '0', NULL),
(12737, 1, 15, 31, '0', NULL),
(12738, 1, 15, 32, 'true', NULL),
(12739, 1, 15, 33, 'true', NULL),
(12740, 1, 15, 43, '0', NULL),
(12741, 1, 15, 44, '200', 200),
(12742, 1, 15, 45, '200', 200),
(12743, 1, 15, 46, '200', 200),
(12744, 1, 15, 47, '', NULL),
(12745, 1, 15, 48, '', NULL),
(12746, 1, 15, 49, '', NULL),
(12747, 1, 15, 50, '', NULL),
(12748, 1, 15, 51, '', NULL),
(12749, 1, 15, 9, '0', NULL),
(12750, 1, 15, 12, '', NULL),
(12751, 1, 15, 42, '0', NULL),
(12752, 2, 15, 10, 'Okrugle kule', NULL),
(12753, 2, 15, 8, 'Lorem ipsum dolor sit amet, consectetur adipiscing elit. Sed vulputate \r\nnec neque gravida rhoncus. Donec sit amet blandit mauris, sed bibendum \r\nrisus. Cras ut urna semper, facilisis augue sed, imperdiet nulla. Duis \r\ntristique tellus tortor, dapibus gravida sem sodales id. Nullam quis \r\nconvallis libero, vitae pulvinar nisi.', NULL),
(12754, 2, 15, 17, '<p>\r\nLorem ipsum dolor sit amet, consectetur adipiscing elit. Sed vulputate \r\nnec neque gravida rhoncus. Donec sit amet blandit mauris, sed bibendum \r\nrisus. Cras ut urna semper, facilisis augue sed, imperdiet nulla. Duis \r\ntristique tellus tortor, dapibus gravida sem sodales id. Nullam quis \r\nconvallis libero, vitae pulvinar nisi.</p><p><span style="font-weight: bold;">Nam eget est facilisis, porta mi \r\nac, ultricies enim. Proin nisi diam, eleifend ac eleifend in, dapibus in\r\n orci. Vestibulum elementum lectus non nisl venenatis, tempus molestie \r\nnisi tempus. Pellentesque facilisis nibh nec purus blandit, id aliquam \r\nlorem fermentum.\r\n</span></p>\r\n<p>\r\n<span style="font-style: italic;">Ut erat lacus, sagittis ac leo eu, molestie mattis libero. Nam sit amet \r\nmassa et magna porttitor eleifend a aliquam nunc. Pellentesque a est a \r\naugue dignissim tristique eu nec augue. Integer pretium sollicitudin \r\ntellus, quis hendrerit nunc accumsan et. Fusce bibendum a neque vel \r\nfringilla. Vivamus viverra enim at purus gravida, in elementum neque \r\neleifend. Curabitur sodales dapibus urna, at mattis lacus eleifend non. \r\nDonec ultricies porta orci eu congue. Nulla sodales arcu a libero \r\naliquet, nec aliquam ante sagittis.</span></p>', NULL),
(12755, 2, 15, 38, 'empty', NULL),
(12756, 2, 15, 6, 'house', NULL),
(12757, 2, 15, 1, '0', NULL),
(12758, 2, 15, 4, 'Prodaja', NULL),
(12759, 2, 15, 2, 'Stan', NULL),
(12760, 2, 15, 5, 'Zagrebačka', NULL),
(12761, 2, 15, 7, 'Vrbovec', NULL),
(12762, 2, 15, 40, '', NULL),
(12763, 2, 15, 3, 'Više od 100m2', NULL),
(12764, 2, 15, 39, '-', NULL),
(12765, 2, 15, 19, '2', 2),
(12766, 2, 15, 20, '2', 2),
(12767, 2, 15, 36, '', NULL),
(12768, 2, 15, 37, '', NULL),
(12769, 2, 15, 21, '0', NULL),
(12770, 2, 15, 11, 'true', NULL),
(12771, 2, 15, 22, 'true', NULL),
(12772, 2, 15, 23, 'true', NULL),
(12773, 2, 15, 24, 'true', NULL),
(12774, 2, 15, 25, '0', NULL),
(12775, 2, 15, 27, '0', NULL),
(12776, 2, 15, 28, '0', NULL),
(12777, 2, 15, 29, '0', NULL),
(12778, 2, 15, 30, '0', NULL),
(12779, 2, 15, 31, '0', NULL),
(12780, 2, 15, 32, 'true', NULL),
(12781, 2, 15, 33, 'true', NULL),
(12782, 2, 15, 43, '0', NULL),
(12783, 2, 15, 44, '200', 200),
(12784, 2, 15, 45, '200', 200),
(12785, 2, 15, 46, '200', 200),
(12786, 2, 15, 47, '', NULL),
(12787, 2, 15, 48, '', NULL),
(12788, 2, 15, 49, '', NULL),
(12789, 2, 15, 50, '', NULL),
(12790, 2, 15, 51, '', NULL),
(12791, 2, 15, 9, '0', NULL),
(12792, 2, 15, 12, '', NULL),
(12793, 2, 15, 42, '0', NULL),
(12794, 1, 13, 10, 'Yellow wood', NULL),
(12795, 1, 13, 8, 'Lorem ipsum dolor sit amet, consectetur adipiscing elit. Sed vulputate \r\nnec neque gravida rhoncus. Donec sit amet blandit mauris, sed bibendum \r\nrisus. Cras ut urna semper, facilisis augue sed, imperdiet nulla. Duis \r\ntristique tellus tortor, dapibus gravida sem sodales id. Nullam quis \r\nconvallis libero, vitae pulvinar nisi.', NULL),
(12796, 1, 13, 17, '<p>\r\nLorem ipsum dolor sit amet, consectetur adipiscing elit. Sed vulputate \r\nnec neque gravida rhoncus. Donec sit amet blandit mauris, sed bibendum \r\nrisus. Cras ut urna semper, facilisis augue sed, imperdiet nulla. Duis \r\ntristique tellus tortor, dapibus gravida sem sodales id. Nullam quis \r\nconvallis libero, vitae pulvinar nisi.</p><p><span style="font-weight: bold;">Nam eget est facilisis, porta mi \r\nac, ultricies enim. Proin nisi diam, eleifend ac eleifend in, dapibus in\r\n orci. Vestibulum elementum lectus non nisl venenatis, tempus molestie \r\nnisi tempus. Pellentesque facilisis nibh nec purus blandit, id aliquam \r\nlorem fermentum.\r\n</span></p>\r\n<p>\r\n<span style="font-style: italic;">Ut erat lacus, sagittis ac leo eu, molestie mattis libero. Nam sit amet \r\nmassa et magna porttitor eleifend a aliquam nunc. Pellentesque a est a \r\naugue dignissim tristique eu nec augue. Integer pretium sollicitudin \r\ntellus, quis hendrerit nunc accumsan et. Fusce bibendum a neque vel \r\nfringilla. Vivamus viverra enim at purus gravida, in elementum neque \r\neleifend. Curabitur sodales dapibus urna, at mattis lacus eleifend non. \r\nDonec ultricies porta orci eu congue. Nulla sodales arcu a libero \r\naliquet, nec aliquam ante sagittis.</span></p>', NULL),
(12797, 1, 13, 38, 'empty', NULL),
(12798, 1, 13, 6, 'house', NULL),
(12799, 1, 13, 1, '0', NULL),
(12800, 1, 13, 4, 'Sale', NULL),
(12801, 1, 13, 2, 'House', NULL),
(12802, 1, 13, 5, 'Zagrebačka', NULL),
(12803, 1, 13, 7, 'Sesvete', NULL),
(12804, 1, 13, 40, '', NULL),
(12805, 1, 13, 3, '50-100m2', NULL),
(12806, 1, 13, 39, '-', NULL),
(12807, 1, 13, 19, '1', 1),
(12808, 1, 13, 20, '1', 1),
(12809, 1, 13, 36, '', NULL),
(12810, 1, 13, 37, '', NULL),
(12811, 1, 13, 21, '0', NULL),
(12812, 1, 13, 11, 'true', NULL),
(12813, 1, 13, 22, 'true', NULL),
(12814, 1, 13, 23, 'true', NULL),
(12815, 1, 13, 24, 'true', NULL),
(12816, 1, 13, 25, 'true', NULL),
(12817, 1, 13, 27, '0', NULL),
(12818, 1, 13, 28, '0', NULL),
(12819, 1, 13, 29, '0', NULL),
(12820, 1, 13, 30, '0', NULL),
(12821, 1, 13, 31, '0', NULL),
(12822, 1, 13, 32, '0', NULL),
(12823, 1, 13, 33, '0', NULL),
(12824, 1, 13, 43, '0', NULL),
(12825, 1, 13, 44, '', NULL),
(12826, 1, 13, 45, '', NULL),
(12827, 1, 13, 46, '', NULL),
(12828, 1, 13, 47, '', NULL),
(12829, 1, 13, 48, '', NULL),
(12830, 1, 13, 49, '300', 300),
(12831, 1, 13, 50, '300', 300),
(12832, 1, 13, 51, '300', 300),
(12833, 1, 13, 9, '0', NULL),
(12834, 1, 13, 12, '', NULL),
(12835, 1, 13, 42, '0', NULL),
(12836, 2, 13, 10, 'Žuto drvo', NULL),
(12837, 2, 13, 8, 'Lorem ipsum dolor sit amet, consectetur adipiscing elit. Sed vulputate \r\nnec neque gravida rhoncus. Donec sit amet blandit mauris, sed bibendum \r\nrisus. Cras ut urna semper, facilisis augue sed, imperdiet nulla. Duis \r\ntristique tellus tortor, dapibus gravida sem sodales id. Nullam quis \r\nconvallis libero, vitae pulvinar nisi.', NULL),
(12838, 2, 13, 17, '<p>\r\nLorem ipsum dolor sit amet, consectetur adipiscing elit. Sed vulputate \r\nnec neque gravida rhoncus. Donec sit amet blandit mauris, sed bibendum \r\nrisus. Cras ut urna semper, facilisis augue sed, imperdiet nulla. Duis \r\ntristique tellus tortor, dapibus gravida sem sodales id. Nullam quis \r\nconvallis libero, vitae pulvinar nisi.</p><p><span style="font-weight: bold;">Nam eget est facilisis, porta mi \r\nac, ultricies enim. Proin nisi diam, eleifend ac eleifend in, dapibus in\r\n orci. Vestibulum elementum lectus non nisl venenatis, tempus molestie \r\nnisi tempus. Pellentesque facilisis nibh nec purus blandit, id aliquam \r\nlorem fermentum.\r\n</span></p>\r\n<p>\r\n<span style="font-style: italic;">Ut erat lacus, sagittis ac leo eu, molestie mattis libero. Nam sit amet \r\nmassa et magna porttitor eleifend a aliquam nunc. Pellentesque a est a \r\naugue dignissim tristique eu nec augue. Integer pretium sollicitudin \r\ntellus, quis hendrerit nunc accumsan et. Fusce bibendum a neque vel \r\nfringilla. Vivamus viverra enim at purus gravida, in elementum neque \r\neleifend. Curabitur sodales dapibus urna, at mattis lacus eleifend non. \r\nDonec ultricies porta orci eu congue. Nulla sodales arcu a libero \r\naliquet, nec aliquam ante sagittis.</span></p>', NULL),
(12839, 2, 13, 38, 'empty', NULL),
(12840, 2, 13, 6, 'house', NULL),
(12841, 2, 13, 1, '0', NULL),
(12842, 2, 13, 4, 'Prodaja', NULL),
(12843, 2, 13, 2, 'Kuća', NULL),
(12844, 2, 13, 5, 'Zagrebačka', NULL),
(12845, 2, 13, 7, 'Sesvete', NULL),
(12846, 2, 13, 40, '', NULL),
(12847, 2, 13, 3, '50-100m2', NULL),
(12848, 2, 13, 39, '-', NULL),
(12849, 2, 13, 19, '1', 1),
(12850, 2, 13, 20, '1', 1),
(12851, 2, 13, 36, '', NULL),
(12852, 2, 13, 37, '', NULL),
(12853, 2, 13, 21, '0', NULL),
(12854, 2, 13, 11, 'true', NULL),
(12855, 2, 13, 22, 'true', NULL),
(12856, 2, 13, 23, 'true', NULL),
(12857, 2, 13, 24, 'true', NULL),
(12858, 2, 13, 25, 'true', NULL),
(12859, 2, 13, 27, '0', NULL),
(12860, 2, 13, 28, '0', NULL),
(12861, 2, 13, 29, '0', NULL),
(12862, 2, 13, 30, '0', NULL),
(12863, 2, 13, 31, '0', NULL),
(12864, 2, 13, 32, '0', NULL),
(12865, 2, 13, 33, '0', NULL),
(12866, 2, 13, 43, '0', NULL),
(12867, 2, 13, 44, '', NULL),
(12868, 2, 13, 45, '', NULL),
(12869, 2, 13, 46, '', NULL),
(12870, 2, 13, 47, '', NULL),
(12871, 2, 13, 48, '', NULL),
(12872, 2, 13, 49, '300', 300),
(12873, 2, 13, 50, '300', 300),
(12874, 2, 13, 51, '300', 300),
(12875, 2, 13, 9, '0', NULL),
(12876, 2, 13, 12, '', NULL),
(12877, 2, 13, 42, '0', NULL),
(12878, 1, 12, 10, 'Retro House', NULL),
(12879, 1, 12, 8, 'Lorem ipsum dolor sit amet, consectetur adipiscing elit. Sed vulputate \r\nnec neque gravida rhoncus. Donec sit amet blandit mauris, sed bibendum \r\nrisus. Cras ut urna semper, facilisis augue sed, imperdiet nulla. Duis \r\ntristique tellus tortor, dapibus gravida sem sodales id. Nullam quis \r\nconvallis libero, vitae pulvinar nisi.', NULL),
(12880, 1, 12, 17, '<p>\r\nLorem ipsum dolor sit amet, consectetur adipiscing elit. Sed vulputate \r\nnec neque gravida rhoncus. Donec sit amet blandit mauris, sed bibendum \r\nrisus. Cras ut urna semper, facilisis augue sed, imperdiet nulla. Duis \r\ntristique tellus tortor, dapibus gravida sem sodales id. Nullam quis \r\nconvallis libero, vitae pulvinar nisi.</p><p><span style="font-weight: bold;">Nam eget est facilisis, porta mi \r\nac, ultricies enim. Proin nisi diam, eleifend ac eleifend in, dapibus in\r\n orci. Vestibulum elementum lectus non nisl venenatis, tempus molestie \r\nnisi tempus. Pellentesque facilisis nibh nec purus blandit, id aliquam \r\nlorem fermentum.\r\n</span></p>\r\n<p>\r\n<span style="font-style: italic;">Ut erat lacus, sagittis ac leo eu, molestie mattis libero. Nam sit amet \r\nmassa et magna porttitor eleifend a aliquam nunc. Pellentesque a est a \r\naugue dignissim tristique eu nec augue. Integer pretium sollicitudin \r\ntellus, quis hendrerit nunc accumsan et. Fusce bibendum a neque vel \r\nfringilla. Vivamus viverra enim at purus gravida, in elementum neque \r\neleifend. Curabitur sodales dapibus urna, at mattis lacus eleifend non. \r\nDonec ultricies porta orci eu congue. Nulla sodales arcu a libero \r\naliquet, nec aliquam ante sagittis.</span></p>', NULL),
(12881, 1, 12, 38, 'new', NULL),
(12882, 1, 12, 6, 'house', NULL),
(12883, 1, 12, 1, '0', NULL),
(12884, 1, 12, 4, 'Sale', NULL),
(12885, 1, 12, 2, 'House', NULL),
(12886, 1, 12, 5, 'Varaždinska', NULL),
(12887, 1, 12, 7, 'Trnovec Bartolovečki', NULL),
(12888, 1, 12, 40, '', NULL),
(12889, 1, 12, 3, '50-100m2', NULL),
(12890, 1, 12, 39, '-', NULL),
(12891, 1, 12, 19, '1', 1),
(12892, 1, 12, 20, '1', 1),
(12893, 1, 12, 36, '60000', 60000),
(12894, 1, 12, 37, '', NULL),
(12895, 1, 12, 21, '0', NULL),
(12896, 1, 12, 11, 'true', NULL),
(12897, 1, 12, 22, 'true', NULL),
(12898, 1, 12, 23, 'true', NULL),
(12899, 1, 12, 24, 'true', NULL),
(12900, 1, 12, 25, 'true', NULL),
(12901, 1, 12, 27, 'true', NULL),
(12902, 1, 12, 28, '0', NULL),
(12903, 1, 12, 29, '0', NULL),
(12904, 1, 12, 30, '0', NULL),
(12905, 1, 12, 31, '0', NULL),
(12906, 1, 12, 32, '0', NULL),
(12907, 1, 12, 33, '0', NULL),
(12908, 1, 12, 43, '0', NULL),
(12909, 1, 12, 44, '', NULL),
(12910, 1, 12, 45, '', NULL),
(12911, 1, 12, 46, '', NULL),
(12912, 1, 12, 47, '', NULL),
(12913, 1, 12, 48, '', NULL),
(12914, 1, 12, 49, '1200', 1200),
(12915, 1, 12, 50, '1200', 1200),
(12916, 1, 12, 51, '1200', 1200),
(12917, 1, 12, 9, '0', NULL),
(12918, 1, 12, 12, '', NULL),
(12919, 1, 12, 42, '0', NULL),
(12920, 2, 12, 10, 'Retro kuća', NULL),
(12921, 2, 12, 8, 'Lorem ipsum dolor sit amet, consectetur adipiscing elit. Sed vulputate \r\nnec neque gravida rhoncus. Donec sit amet blandit mauris, sed bibendum \r\nrisus. Cras ut urna semper, facilisis augue sed, imperdiet nulla. Duis \r\ntristique tellus tortor, dapibus gravida sem sodales id. Nullam quis \r\nconvallis libero, vitae pulvinar nisi.', NULL),
(12922, 2, 12, 17, '<p>\r\nLorem ipsum dolor sit amet, consectetur adipiscing elit. Sed vulputate \r\nnec neque gravida rhoncus. Donec sit amet blandit mauris, sed bibendum \r\nrisus. Cras ut urna semper, facilisis augue sed, imperdiet nulla. Duis \r\ntristique tellus tortor, dapibus gravida sem sodales id. Nullam quis \r\nconvallis libero, vitae pulvinar nisi.</p><p><span style="font-weight: bold;">Nam eget est facilisis, porta mi \r\nac, ultricies enim. Proin nisi diam, eleifend ac eleifend in, dapibus in\r\n orci. Vestibulum elementum lectus non nisl venenatis, tempus molestie \r\nnisi tempus. Pellentesque facilisis nibh nec purus blandit, id aliquam \r\nlorem fermentum.\r\n</span></p>\r\n<p>\r\n<span style="font-style: italic;">Ut erat lacus, sagittis ac leo eu, molestie mattis libero. Nam sit amet \r\nmassa et magna porttitor eleifend a aliquam nunc. Pellentesque a est a \r\naugue dignissim tristique eu nec augue. Integer pretium sollicitudin \r\ntellus, quis hendrerit nunc accumsan et. Fusce bibendum a neque vel \r\nfringilla. Vivamus viverra enim at purus gravida, in elementum neque \r\neleifend. Curabitur sodales dapibus urna, at mattis lacus eleifend non. \r\nDonec ultricies porta orci eu congue. Nulla sodales arcu a libero \r\naliquet, nec aliquam ante sagittis.</span></p>', NULL),
(12923, 2, 12, 38, 'empty', NULL),
(12924, 2, 12, 6, 'house', NULL),
(12925, 2, 12, 1, '0', NULL),
(12926, 2, 12, 4, 'Prodaja', NULL),
(12927, 2, 12, 2, 'Kuća', NULL),
(12928, 2, 12, 5, 'Varaždinska', NULL),
(12929, 2, 12, 7, 'Trnovec Bartolovečki', NULL),
(12930, 2, 12, 40, '', NULL),
(12931, 2, 12, 3, 'Manje od 50m2', NULL),
(12932, 2, 12, 39, '-', NULL),
(12933, 2, 12, 19, '1', 1),
(12934, 2, 12, 20, '1', 1),
(12935, 2, 12, 36, '50000', 50000),
(12936, 2, 12, 37, '', NULL),
(12937, 2, 12, 21, '0', NULL),
(12938, 2, 12, 11, 'true', NULL),
(12939, 2, 12, 22, 'true', NULL),
(12940, 2, 12, 23, 'true', NULL),
(12941, 2, 12, 24, 'true', NULL),
(12942, 2, 12, 25, 'true', NULL),
(12943, 2, 12, 27, 'true', NULL),
(12944, 2, 12, 28, '0', NULL),
(12945, 2, 12, 29, '0', NULL),
(12946, 2, 12, 30, '0', NULL),
(12947, 2, 12, 31, '0', NULL),
(12948, 2, 12, 32, '0', NULL),
(12949, 2, 12, 33, '0', NULL),
(12950, 2, 12, 43, '0', NULL),
(12951, 2, 12, 44, '', NULL),
(12952, 2, 12, 45, '', NULL),
(12953, 2, 12, 46, '', NULL),
(12954, 2, 12, 47, '', NULL),
(12955, 2, 12, 48, '', NULL),
(12956, 2, 12, 49, '1200', 1200),
(12957, 2, 12, 50, '1200', 1200),
(12958, 2, 12, 51, '1200', 1200),
(12959, 2, 12, 9, '0', NULL),
(12960, 2, 12, 12, '', NULL),
(12961, 2, 12, 42, '0', NULL),
(12962, 1, 11, 10, 'Sky apartment', NULL),
(12963, 1, 11, 8, 'Lorem ipsum dolor sit amet, consectetur adipiscing elit. Sed vulputate \r\nnec neque gravida rhoncus. Donec sit amet blandit mauris, sed bibendum \r\nrisus. Cras ut urna semper, facilisis augue sed, imperdiet nulla. Duis \r\ntristique tellus tortor, dapibus gravida sem sodales id. Nullam quis \r\nconvallis libero, vitae pulvinar nisi.', NULL),
(12964, 1, 11, 17, '<p>\r\nLorem ipsum dolor sit amet, consectetur adipiscing elit. Sed vulputate \r\nnec neque gravida rhoncus. Donec sit amet blandit mauris, sed bibendum \r\nrisus. Cras ut urna semper, facilisis augue sed, imperdiet nulla. Duis \r\ntristique tellus tortor, dapibus gravida sem sodales id. Nullam quis \r\nconvallis libero, vitae pulvinar nisi.</p><p><span style="font-weight: bold;">Nam eget est facilisis, porta mi \r\nac, ultricies enim. Proin nisi diam, eleifend ac eleifend in, dapibus in\r\n orci. Vestibulum elementum lectus non nisl venenatis, tempus molestie \r\nnisi tempus. Pellentesque facilisis nibh nec purus blandit, id aliquam \r\nlorem fermentum.\r\n</span></p>\r\n<p>\r\n<span style="font-style: italic;">Ut erat lacus, sagittis ac leo eu, molestie mattis libero. Nam sit amet \r\nmassa et magna porttitor eleifend a aliquam nunc. Pellentesque a est a \r\naugue dignissim tristique eu nec augue. Integer pretium sollicitudin \r\ntellus, quis hendrerit nunc accumsan et. Fusce bibendum a neque vel \r\nfringilla. Vivamus viverra enim at purus gravida, in elementum neque \r\neleifend. Curabitur sodales dapibus urna, at mattis lacus eleifend non. \r\nDonec ultricies porta orci eu congue. Nulla sodales arcu a libero \r\naliquet, nec aliquam ante sagittis.</span></p>', NULL),
(12965, 1, 11, 38, 'empty', NULL),
(12966, 1, 11, 6, 'apartment', NULL),
(12967, 1, 11, 1, '0', NULL),
(12968, 1, 11, 4, 'Sale', NULL),
(12969, 1, 11, 2, 'Apartment', NULL),
(12970, 1, 11, 5, 'Varaždinska', NULL),
(12971, 1, 11, 7, 'Ivanec', NULL),
(12972, 1, 11, 40, '', NULL),
(12973, 1, 11, 3, '50-100m2', NULL),
(12974, 1, 11, 39, '-', NULL),
(12975, 1, 11, 19, '1', 1),
(12976, 1, 11, 20, '2', 2),
(12977, 1, 11, 36, '', NULL),
(12978, 1, 11, 37, '', NULL),
(12979, 1, 11, 21, '0', NULL),
(12980, 1, 11, 11, 'true', NULL),
(12981, 1, 11, 22, '0', NULL),
(12982, 1, 11, 23, '0', NULL),
(12983, 1, 11, 24, '0', NULL),
(12984, 1, 11, 25, '0', NULL),
(12985, 1, 11, 27, 'true', NULL),
(12986, 1, 11, 28, 'true', NULL),
(12987, 1, 11, 29, '0', NULL),
(12988, 1, 11, 30, '0', NULL),
(12989, 1, 11, 31, '0', NULL),
(12990, 1, 11, 32, '0', NULL),
(12991, 1, 11, 33, 'true', NULL),
(12992, 1, 11, 43, '0', NULL),
(12993, 1, 11, 44, '', NULL),
(12994, 1, 11, 45, '', NULL),
(12995, 1, 11, 46, '1200', 1200),
(12996, 1, 11, 47, '1200', 1200),
(12997, 1, 11, 48, '', NULL),
(12998, 1, 11, 49, '', NULL),
(12999, 1, 11, 50, '', NULL),
(13000, 1, 11, 51, '', NULL),
(13001, 1, 11, 9, '0', NULL),
(13002, 1, 11, 12, '', NULL),
(13003, 1, 11, 42, '0', NULL),
(13004, 2, 11, 10, 'Sky apartman', NULL),
(13005, 2, 11, 8, 'Lorem ipsum dolor sit amet, consectetur adipiscing elit. Sed vulputate \r\nnec neque gravida rhoncus. Donec sit amet blandit mauris, sed bibendum \r\nrisus. Cras ut urna semper, facilisis augue sed, imperdiet nulla. Duis \r\ntristique tellus tortor, dapibus gravida sem sodales id. Nullam quis \r\nconvallis libero, vitae pulvinar nisi.', NULL),
(13006, 2, 11, 17, '<p>\r\nLorem ipsum dolor sit amet, consectetur adipiscing elit. Sed vulputate \r\nnec neque gravida rhoncus. Donec sit amet blandit mauris, sed bibendum \r\nrisus. Cras ut urna semper, facilisis augue sed, imperdiet nulla. Duis \r\ntristique tellus tortor, dapibus gravida sem sodales id. Nullam quis \r\nconvallis libero, vitae pulvinar nisi.</p><p><span style="font-weight: bold;">Nam eget est facilisis, porta mi \r\nac, ultricies enim. Proin nisi diam, eleifend ac eleifend in, dapibus in\r\n orci. Vestibulum elementum lectus non nisl venenatis, tempus molestie \r\nnisi tempus. Pellentesque facilisis nibh nec purus blandit, id aliquam \r\nlorem fermentum.\r\n</span></p>\r\n<p>\r\n<span style="font-style: italic;">Ut erat lacus, sagittis ac leo eu, molestie mattis libero. Nam sit amet \r\nmassa et magna porttitor eleifend a aliquam nunc. Pellentesque a est a \r\naugue dignissim tristique eu nec augue. Integer pretium sollicitudin \r\ntellus, quis hendrerit nunc accumsan et. Fusce bibendum a neque vel \r\nfringilla. Vivamus viverra enim at purus gravida, in elementum neque \r\neleifend. Curabitur sodales dapibus urna, at mattis lacus eleifend non. \r\nDonec ultricies porta orci eu congue. Nulla sodales arcu a libero \r\naliquet, nec aliquam ante sagittis.</span></p>', NULL),
(13007, 2, 11, 38, 'empty', NULL),
(13008, 2, 11, 6, 'apartment', NULL),
(13009, 2, 11, 1, '0', NULL),
(13010, 2, 11, 4, 'Prodaja', NULL),
(13011, 2, 11, 2, 'Stan', NULL),
(13012, 2, 11, 5, 'Varaždinska', NULL),
(13013, 2, 11, 7, 'Ivanec', NULL),
(13014, 2, 11, 40, '', NULL),
(13015, 2, 11, 3, '50-100m2', NULL),
(13016, 2, 11, 39, '-', NULL),
(13017, 2, 11, 19, '1', 1),
(13018, 2, 11, 20, '2', 2),
(13019, 2, 11, 36, '', NULL),
(13020, 2, 11, 37, '', NULL),
(13021, 2, 11, 21, '0', NULL),
(13022, 2, 11, 11, 'true', NULL),
(13023, 2, 11, 22, '0', NULL),
(13024, 2, 11, 23, '0', NULL),
(13025, 2, 11, 24, '0', NULL),
(13026, 2, 11, 25, '0', NULL),
(13027, 2, 11, 27, 'true', NULL),
(13028, 2, 11, 28, 'true', NULL),
(13029, 2, 11, 29, '0', NULL),
(13030, 2, 11, 30, '0', NULL),
(13031, 2, 11, 31, '0', NULL),
(13032, 2, 11, 32, '0', NULL),
(13033, 2, 11, 33, 'true', NULL),
(13034, 2, 11, 43, '0', NULL),
(13035, 2, 11, 44, '', NULL),
(13036, 2, 11, 45, '', NULL),
(13037, 2, 11, 46, '1200', 1200),
(13038, 2, 11, 47, '1200', 1200),
(13039, 2, 11, 48, '', NULL),
(13040, 2, 11, 49, '', NULL),
(13041, 2, 11, 50, '', NULL),
(13042, 2, 11, 51, '', NULL),
(13043, 2, 11, 9, '0', NULL),
(13044, 2, 11, 12, '', NULL),
(13045, 2, 11, 42, '0', NULL),
(13046, 1, 10, 10, 'Lux apartment', NULL),
(13047, 1, 10, 8, 'Lorem ipsum dolor sit amet, consectetur adipiscing elit. Sed vulputate \r\nnec neque gravida rhoncus. Donec sit amet blandit mauris, sed bibendum \r\nrisus. Cras ut urna semper, facilisis augue sed, imperdiet nulla. Duis \r\ntristique tellus tortor, dapibus gravida sem sodales id. Nullam quis \r\nconvallis libero, vitae pulvinar nisi.', NULL),
(13048, 1, 10, 17, '<p>\r\nLorem ipsum dolor sit amet, consectetur adipiscing elit. Sed vulputate \r\nnec neque gravida rhoncus. Donec sit amet blandit mauris, sed bibendum \r\nrisus. Cras ut urna semper, facilisis augue sed, imperdiet nulla. Duis \r\ntristique tellus tortor, dapibus gravida sem sodales id. Nullam quis \r\nconvallis libero, vitae pulvinar nisi.</p><p><span style="font-weight: bold;">Nam eget est facilisis, porta mi \r\nac, ultricies enim. Proin nisi diam, eleifend ac eleifend in, dapibus in\r\n orci. Vestibulum elementum lectus non nisl venenatis, tempus molestie \r\nnisi tempus. Pellentesque facilisis nibh nec purus blandit, id aliquam \r\nlorem fermentum.\r\n</span></p>\r\n<p>\r\n<span style="font-style: italic;">Ut erat lacus, sagittis ac leo eu, molestie mattis libero. Nam sit amet \r\nmassa et magna porttitor eleifend a aliquam nunc. Pellentesque a est a \r\naugue dignissim tristique eu nec augue. Integer pretium sollicitudin \r\ntellus, quis hendrerit nunc accumsan et. Fusce bibendum a neque vel \r\nfringilla. Vivamus viverra enim at purus gravida, in elementum neque \r\neleifend. Curabitur sodales dapibus urna, at mattis lacus eleifend non. \r\nDonec ultricies porta orci eu congue. Nulla sodales arcu a libero \r\naliquet, nec aliquam ante sagittis.</span></p>', NULL),
(13049, 1, 10, 38, 'action', NULL),
(13050, 1, 10, 6, 'apartment', NULL),
(13051, 1, 10, 1, '0', NULL),
(13052, 1, 10, 4, 'Sale', NULL),
(13053, 1, 10, 2, 'Apartment', NULL),
(13054, 1, 10, 5, 'Križevci', NULL),
(13055, 1, 10, 7, 'Cubinec', NULL),
(13056, 1, 10, 40, '', NULL),
(13057, 1, 10, 3, 'Less than 50m2', NULL),
(13058, 1, 10, 39, '-', NULL),
(13059, 1, 10, 19, '1', 1),
(13060, 1, 10, 20, '1', 1),
(13061, 1, 10, 36, '', NULL),
(13062, 1, 10, 37, '', NULL),
(13063, 1, 10, 21, '0', NULL),
(13064, 1, 10, 11, '0', NULL),
(13065, 1, 10, 22, 'true', NULL),
(13066, 1, 10, 23, 'true', NULL),
(13067, 1, 10, 24, 'true', NULL),
(13068, 1, 10, 25, 'true', NULL),
(13069, 1, 10, 27, '0', NULL),
(13070, 1, 10, 28, 'true', NULL),
(13071, 1, 10, 29, 'true', NULL),
(13072, 1, 10, 30, 'true', NULL),
(13073, 1, 10, 31, 'true', NULL),
(13074, 1, 10, 32, 'true', NULL),
(13075, 1, 10, 33, '0', NULL),
(13076, 1, 10, 43, '0', NULL),
(13077, 1, 10, 44, '', NULL),
(13078, 1, 10, 45, '1200', 1200),
(13079, 1, 10, 46, '', NULL),
(13080, 1, 10, 47, '', NULL),
(13081, 1, 10, 48, '', NULL),
(13082, 1, 10, 49, '', NULL),
(13083, 1, 10, 50, '', NULL),
(13084, 1, 10, 51, '', NULL),
(13085, 1, 10, 9, '0', NULL),
(13086, 1, 10, 12, '', NULL),
(13087, 1, 10, 42, '0', NULL),
(13088, 2, 10, 10, 'Lux apartman', NULL),
(13089, 2, 10, 8, 'Lorem ipsum dolor sit amet, consectetur adipiscing elit. Sed vulputate \r\nnec neque gravida rhoncus. Donec sit amet blandit mauris, sed bibendum \r\nrisus. Cras ut urna semper, facilisis augue sed, imperdiet nulla. Duis \r\ntristique tellus tortor, dapibus gravida sem sodales id. Nullam quis \r\nconvallis libero, vitae pulvinar nisi.', NULL),
(13090, 2, 10, 17, '<p>\r\nLorem ipsum dolor sit amet, consectetur adipiscing elit. Sed vulputate \r\nnec neque gravida rhoncus. Donec sit amet blandit mauris, sed bibendum \r\nrisus. Cras ut urna semper, facilisis augue sed, imperdiet nulla. Duis \r\ntristique tellus tortor, dapibus gravida sem sodales id. Nullam quis \r\nconvallis libero, vitae pulvinar nisi.</p><p><span style="font-weight: bold;">Nam eget est facilisis, porta mi \r\nac, ultricies enim. Proin nisi diam, eleifend ac eleifend in, dapibus in\r\n orci. Vestibulum elementum lectus non nisl venenatis, tempus molestie \r\nnisi tempus. Pellentesque facilisis nibh nec purus blandit, id aliquam \r\nlorem fermentum.\r\n</span></p>\r\n<p>\r\n<span style="font-style: italic;">Ut erat lacus, sagittis ac leo eu, molestie mattis libero. Nam sit amet \r\nmassa et magna porttitor eleifend a aliquam nunc. Pellentesque a est a \r\naugue dignissim tristique eu nec augue. Integer pretium sollicitudin \r\ntellus, quis hendrerit nunc accumsan et. Fusce bibendum a neque vel \r\nfringilla. Vivamus viverra enim at purus gravida, in elementum neque \r\neleifend. Curabitur sodales dapibus urna, at mattis lacus eleifend non. \r\nDonec ultricies porta orci eu congue. Nulla sodales arcu a libero \r\naliquet, nec aliquam ante sagittis.</span></p>', NULL),
(13091, 2, 10, 38, 'akcija', NULL),
(13092, 2, 10, 6, 'apartment', NULL),
(13093, 2, 10, 1, '0', NULL),
(13094, 2, 10, 4, 'Prodaja', NULL),
(13095, 2, 10, 2, 'Stan', NULL),
(13096, 2, 10, 5, 'Križevci', NULL),
(13097, 2, 10, 7, 'Cubinec', NULL),
(13098, 2, 10, 40, '', NULL),
(13099, 2, 10, 3, 'Manje od 50m2', NULL),
(13100, 2, 10, 39, '-', NULL),
(13101, 2, 10, 19, '1', 1),
(13102, 2, 10, 20, '1', 1),
(13103, 2, 10, 36, '', NULL),
(13104, 2, 10, 37, '', NULL),
(13105, 2, 10, 21, '0', NULL),
(13106, 2, 10, 11, '0', NULL),
(13107, 2, 10, 22, 'true', NULL),
(13108, 2, 10, 23, 'true', NULL),
(13109, 2, 10, 24, 'true', NULL),
(13110, 2, 10, 25, 'true', NULL),
(13111, 2, 10, 27, '0', NULL),
(13112, 2, 10, 28, 'true', NULL),
(13113, 2, 10, 29, 'true', NULL),
(13114, 2, 10, 30, 'true', NULL),
(13115, 2, 10, 31, 'true', NULL),
(13116, 2, 10, 32, 'true', NULL),
(13117, 2, 10, 33, '0', NULL),
(13118, 2, 10, 43, '0', NULL),
(13119, 2, 10, 44, '', NULL),
(13120, 2, 10, 45, '1200', 1200),
(13121, 2, 10, 46, '', NULL),
(13122, 2, 10, 47, '', NULL),
(13123, 2, 10, 48, '', NULL),
(13124, 2, 10, 49, '', NULL),
(13125, 2, 10, 50, '', NULL),
(13126, 2, 10, 51, '', NULL),
(13127, 2, 10, 9, '0', NULL),
(13128, 2, 10, 12, '', NULL),
(13129, 2, 10, 42, '0', NULL),
(13298, 1, 7, 10, 'Spa Bliznec', NULL),
(13299, 1, 7, 8, 'Lorem ipsum dolor sit amet, consectetur adipiscing elit. Sed vulputate \r\nnec neque gravida rhoncus. Donec sit amet blandit mauris, sed bibendum \r\nrisus. Cras ut urna semper, facilisis augue sed, imperdiet nulla. Duis \r\ntristique tellus tortor, dapibus gravida sem sodales id. Nullam quis \r\nconvallis libero, vitae pulvinar nisi.', NULL),
(13300, 1, 7, 17, '<p>\r\nLorem ipsum dolor sit amet, consectetur adipiscing elit. Sed vulputate \r\nnec neque gravida rhoncus. Donec sit amet blandit mauris, sed bibendum \r\nrisus. Cras ut urna semper, facilisis augue sed, imperdiet nulla. Duis \r\ntristique tellus tortor, dapibus gravida sem sodales id. Nullam quis \r\nconvallis libero, vitae pulvinar nisi.</p><p><span style="font-weight: bold;">Nam eget est facilisis, porta mi \r\nac, ultricies enim. Proin nisi diam, eleifend ac eleifend in, dapibus in\r\n orci. Vestibulum elementum lectus non nisl venenatis, tempus molestie \r\nnisi tempus. Pellentesque facilisis nibh nec purus blandit, id aliquam \r\nlorem fermentum.\r\n</span></p>\r\n<p>\r\n<span style="font-style: italic;">Ut erat lacus, sagittis ac leo eu, molestie mattis libero. Nam sit amet \r\nmassa et magna porttitor eleifend a aliquam nunc. Pellentesque a est a \r\naugue dignissim tristique eu nec augue. Integer pretium sollicitudin \r\ntellus, quis hendrerit nunc accumsan et. Fusce bibendum a neque vel \r\nfringilla. Vivamus viverra enim at purus gravida, in elementum neque \r\neleifend. Curabitur sodales dapibus urna, at mattis lacus eleifend non. \r\nDonec ultricies porta orci eu congue. Nulla sodales arcu a libero \r\naliquet, nec aliquam ante sagittis.</span></p>', NULL),
(13301, 1, 7, 38, 'new', NULL),
(13302, 1, 7, 6, 'commercial', NULL),
(13303, 1, 7, 1, '0', NULL),
(13304, 1, 7, 4, 'Sale and Rent', NULL),
(13305, 1, 7, 2, 'Commercial property', NULL),
(13306, 1, 7, 5, 'Zagreb', NULL),
(13307, 1, 7, 7, 'Zagreb', NULL),
(13308, 1, 7, 40, '', NULL),
(13309, 1, 7, 3, 'Less than 50m2', NULL),
(13310, 1, 7, 39, 'B', NULL),
(13311, 1, 7, 19, '5', 5),
(13312, 1, 7, 20, '5', 5),
(13313, 1, 7, 36, '50000', 50000),
(13314, 1, 7, 37, '500', 500),
(13315, 1, 7, 21, '0', NULL),
(13316, 1, 7, 11, 'true', NULL),
(13317, 1, 7, 22, 'true', NULL),
(13318, 1, 7, 23, '0', NULL),
(13319, 1, 7, 24, '0', NULL),
(13320, 1, 7, 25, '0', NULL),
(13321, 1, 7, 27, 'true', NULL),
(13322, 1, 7, 28, 'true', NULL),
(13323, 1, 7, 29, 'true', NULL),
(13324, 1, 7, 30, 'true', NULL),
(13325, 1, 7, 31, '0', NULL),
(13326, 1, 7, 32, 'true', NULL),
(13327, 1, 7, 33, 'true', NULL),
(13328, 1, 7, 43, '0', NULL),
(13329, 1, 7, 44, '1500', 1500),
(13330, 1, 7, 45, '1500', 1500),
(13331, 1, 7, 46, '', NULL),
(13332, 1, 7, 47, '', NULL),
(13333, 1, 7, 48, '', NULL),
(13334, 1, 7, 49, '', NULL),
(13335, 1, 7, 50, '', NULL),
(13336, 1, 7, 51, '', NULL),
(13337, 1, 7, 9, '0', NULL),
(13338, 1, 7, 12, '', NULL),
(13339, 1, 7, 42, '0', NULL),
(13340, 2, 7, 10, 'Toplice Bliznec', NULL),
(13341, 2, 7, 8, 'Lorem ipsum dolor sit amet, consectetur adipiscing elit. Sed vulputate \r\nnec neque gravida rhoncus. Donec sit amet blandit mauris, sed bibendum \r\nrisus. Cras ut urna semper, facilisis augue sed, imperdiet nulla. Duis \r\ntristique tellus tortor, dapibus gravida sem sodales id. Nullam quis \r\nconvallis libero, vitae pulvinar nisi.', NULL);
INSERT INTO `property_value` (`id`, `language_id`, `property_id`, `option_id`, `value`, `value_num`) VALUES
(13342, 2, 7, 17, '<p>\r\nLorem ipsum dolor sit amet, consectetur adipiscing elit. Sed vulputate \r\nnec neque gravida rhoncus. Donec sit amet blandit mauris, sed bibendum \r\nrisus. Cras ut urna semper, facilisis augue sed, imperdiet nulla. Duis \r\ntristique tellus tortor, dapibus gravida sem sodales id. Nullam quis \r\nconvallis libero, vitae pulvinar nisi.</p><p><span style="font-weight: bold;">Nam eget est facilisis, porta mi \r\nac, ultricies enim. Proin nisi diam, eleifend ac eleifend in, dapibus in\r\n orci. Vestibulum elementum lectus non nisl venenatis, tempus molestie \r\nnisi tempus. Pellentesque facilisis nibh nec purus blandit, id aliquam \r\nlorem fermentum.\r\n</span></p>\r\n<p>\r\n<span style="font-style: italic;">Ut erat lacus, sagittis ac leo eu, molestie mattis libero. Nam sit amet \r\nmassa et magna porttitor eleifend a aliquam nunc. Pellentesque a est a \r\naugue dignissim tristique eu nec augue. Integer pretium sollicitudin \r\ntellus, quis hendrerit nunc accumsan et. Fusce bibendum a neque vel \r\nfringilla. Vivamus viverra enim at purus gravida, in elementum neque \r\neleifend. Curabitur sodales dapibus urna, at mattis lacus eleifend non. \r\nDonec ultricies porta orci eu congue. Nulla sodales arcu a libero \r\naliquet, nec aliquam ante sagittis.</span></p>', NULL),
(13343, 2, 7, 38, 'novo', NULL),
(13344, 2, 7, 6, 'commercial', NULL),
(13345, 2, 7, 1, '0', NULL),
(13346, 2, 7, 4, 'Prodaja i najam', NULL),
(13347, 2, 7, 2, 'Poslovni prostor', NULL),
(13348, 2, 7, 5, 'Zagreb', NULL),
(13349, 2, 7, 7, 'Zagreb', NULL),
(13350, 2, 7, 40, '', NULL),
(13351, 2, 7, 3, 'Više od 100m2', NULL),
(13352, 2, 7, 39, 'B', NULL),
(13353, 2, 7, 19, '5', 5),
(13354, 2, 7, 20, '5', 5),
(13355, 2, 7, 36, '40000', 40000),
(13356, 2, 7, 37, '400', 400),
(13357, 2, 7, 21, '0', NULL),
(13358, 2, 7, 11, 'true', NULL),
(13359, 2, 7, 22, 'true', NULL),
(13360, 2, 7, 23, '0', NULL),
(13361, 2, 7, 24, '0', NULL),
(13362, 2, 7, 25, '0', NULL),
(13363, 2, 7, 27, 'true', NULL),
(13364, 2, 7, 28, 'true', NULL),
(13365, 2, 7, 29, 'true', NULL),
(13366, 2, 7, 30, 'true', NULL),
(13367, 2, 7, 31, '0', NULL),
(13368, 2, 7, 32, 'true', NULL),
(13369, 2, 7, 33, 'true', NULL),
(13370, 2, 7, 43, '0', NULL),
(13371, 2, 7, 44, '1500', 1500),
(13372, 2, 7, 45, '1500', 1500),
(13373, 2, 7, 46, '', NULL),
(13374, 2, 7, 47, '', NULL),
(13375, 2, 7, 48, '', NULL),
(13376, 2, 7, 49, '', NULL),
(13377, 2, 7, 50, '', NULL),
(13378, 2, 7, 51, '', NULL),
(13379, 2, 7, 9, '0', NULL),
(13380, 2, 7, 12, '', NULL),
(13381, 2, 7, 42, '0', NULL),
(13730, 1, 9, 10, 'Jezero restourant', NULL),
(13731, 1, 9, 8, 'Lorem ipsum dolor sit amet, consectetur adipiscing elit. Sed vulputate \r\nnec neque gravida rhoncus. Donec sit amet blandit mauris, sed bibendum \r\nrisus. Cras ut urna semper, facilisis augue sed, imperdiet nulla. Duis \r\ntristique tellus tortor, dapibus gravida sem sodales id. Nullam quis \r\nconvallis libero, vitae pulvinar nisi.', NULL),
(13732, 1, 9, 17, '<p>\r\nLorem ipsum dolor sit amet, consectetur adipiscing elit. Sed vulputate \r\nnec neque gravida rhoncus. Donec sit amet blandit mauris, sed bibendum \r\nrisus. Cras ut urna semper, facilisis augue sed, imperdiet nulla. Duis \r\ntristique tellus tortor, dapibus gravida sem sodales id. Nullam quis \r\nconvallis libero, vitae pulvinar nisi.</p><p><span style="font-weight: bold;">Nam eget est facilisis, porta mi \r\nac, ultricies enim. Proin nisi diam, eleifend ac eleifend in, dapibus in\r\n orci. Vestibulum elementum lectus non nisl venenatis, tempus molestie \r\nnisi tempus. Pellentesque facilisis nibh nec purus blandit, id aliquam \r\nlorem fermentum.\r\n</span></p>\r\n<p>\r\n<span style="font-style: italic;">Ut erat lacus, sagittis ac leo eu, molestie mattis libero. Nam sit amet \r\nmassa et magna porttitor eleifend a aliquam nunc. Pellentesque a est a \r\naugue dignissim tristique eu nec augue. Integer pretium sollicitudin \r\ntellus, quis hendrerit nunc accumsan et. Fusce bibendum a neque vel \r\nfringilla. Vivamus viverra enim at purus gravida, in elementum neque \r\neleifend. Curabitur sodales dapibus urna, at mattis lacus eleifend non. \r\nDonec ultricies porta orci eu congue. Nulla sodales arcu a libero \r\naliquet, nec aliquam ante sagittis.</span></p>', NULL),
(13733, 1, 9, 38, 'sold', NULL),
(13734, 1, 9, 6, 'commercial', NULL),
(13735, 1, 9, 1, '0', NULL),
(13736, 1, 9, 4, 'Sale', NULL),
(13737, 1, 9, 2, 'Commercial property', NULL),
(13738, 1, 9, 5, 'Karlovac', NULL),
(13739, 1, 9, 7, 'Pisarovina', NULL),
(13740, 1, 9, 40, '', NULL),
(13741, 1, 9, 3, '50-100m2', NULL),
(13742, 1, 9, 39, '-', NULL),
(13743, 1, 9, 19, '1', 1),
(13744, 1, 9, 20, '0', 0),
(13745, 1, 9, 36, '', NULL),
(13746, 1, 9, 37, '', NULL),
(13747, 1, 9, 53, '', NULL),
(13748, 1, 9, 21, '0', NULL),
(13749, 1, 9, 22, 'true', NULL),
(13750, 1, 9, 23, '0', NULL),
(13751, 1, 9, 24, 'true', NULL),
(13752, 1, 9, 25, 'true', NULL),
(13753, 1, 9, 28, 'true', NULL),
(13754, 1, 9, 29, 'true', NULL),
(13755, 1, 9, 31, 'true', NULL),
(13756, 1, 9, 52, '0', NULL),
(13757, 1, 9, 11, 'true', NULL),
(13758, 1, 9, 30, '0', NULL),
(13759, 1, 9, 27, 'true', NULL),
(13760, 1, 9, 33, 'true', NULL),
(13761, 1, 9, 32, 'true', NULL),
(13762, 1, 9, 43, '0', NULL),
(13763, 1, 9, 44, '', NULL),
(13764, 1, 9, 45, '', NULL),
(13765, 1, 9, 46, '', NULL),
(13766, 1, 9, 47, '1500', 1500),
(13767, 1, 9, 48, '1500', 1500),
(13768, 1, 9, 49, '1500', 1500),
(13769, 1, 9, 50, '', NULL),
(13770, 1, 9, 51, '', NULL),
(13771, 1, 9, 9, '0', NULL),
(13772, 1, 9, 12, '', NULL),
(13773, 1, 9, 42, '0', NULL),
(13774, 2, 9, 10, 'Restoran jezero', NULL),
(13775, 2, 9, 8, 'Lorem ipsum dolor sit amet, consectetur adipiscing elit. Sed vulputate \r\nnec neque gravida rhoncus. Donec sit amet blandit mauris, sed bibendum \r\nrisus. Cras ut urna semper, facilisis augue sed, imperdiet nulla. Duis \r\ntristique tellus tortor, dapibus gravida sem sodales id. Nullam quis \r\nconvallis libero, vitae pulvinar nisi.', NULL),
(13776, 2, 9, 17, '<p>\r\nLorem ipsum dolor sit amet, consectetur adipiscing elit. Sed vulputate \r\nnec neque gravida rhoncus. Donec sit amet blandit mauris, sed bibendum \r\nrisus. Cras ut urna semper, facilisis augue sed, imperdiet nulla. Duis \r\ntristique tellus tortor, dapibus gravida sem sodales id. Nullam quis \r\nconvallis libero, vitae pulvinar nisi.</p><p><span style="font-weight: bold;">Nam eget est facilisis, porta mi \r\nac, ultricies enim. Proin nisi diam, eleifend ac eleifend in, dapibus in\r\n orci. Vestibulum elementum lectus non nisl venenatis, tempus molestie \r\nnisi tempus. Pellentesque facilisis nibh nec purus blandit, id aliquam \r\nlorem fermentum.\r\n</span></p>\r\n<p>\r\n<span style="font-style: italic;">Ut erat lacus, sagittis ac leo eu, molestie mattis libero. Nam sit amet \r\nmassa et magna porttitor eleifend a aliquam nunc. Pellentesque a est a \r\naugue dignissim tristique eu nec augue. Integer pretium sollicitudin \r\ntellus, quis hendrerit nunc accumsan et. Fusce bibendum a neque vel \r\nfringilla. Vivamus viverra enim at purus gravida, in elementum neque \r\neleifend. Curabitur sodales dapibus urna, at mattis lacus eleifend non. \r\nDonec ultricies porta orci eu congue. Nulla sodales arcu a libero \r\naliquet, nec aliquam ante sagittis.</span></p>', NULL),
(13777, 2, 9, 38, 'prodano', NULL),
(13778, 2, 9, 6, 'commercial', NULL),
(13779, 2, 9, 1, '0', NULL),
(13780, 2, 9, 4, 'Prodaja', NULL),
(13781, 2, 9, 2, 'Poslovni prostor', NULL),
(13782, 2, 9, 5, 'Karlovac', NULL),
(13783, 2, 9, 7, 'Pisarovina', NULL),
(13784, 2, 9, 40, '', NULL),
(13785, 2, 9, 3, '50-100m2', NULL),
(13786, 2, 9, 39, '-', NULL),
(13787, 2, 9, 19, '1', 1),
(13788, 2, 9, 20, '0', 0),
(13789, 2, 9, 36, '', NULL),
(13790, 2, 9, 37, '', NULL),
(13791, 2, 9, 53, '', NULL),
(13792, 2, 9, 21, '0', NULL),
(13793, 2, 9, 22, 'true', NULL),
(13794, 2, 9, 23, '0', NULL),
(13795, 2, 9, 24, 'true', NULL),
(13796, 2, 9, 25, 'true', NULL),
(13797, 2, 9, 28, 'true', NULL),
(13798, 2, 9, 29, 'true', NULL),
(13799, 2, 9, 31, 'true', NULL),
(13800, 2, 9, 52, '0', NULL),
(13801, 2, 9, 11, 'true', NULL),
(13802, 2, 9, 30, '0', NULL),
(13803, 2, 9, 27, 'true', NULL),
(13804, 2, 9, 33, 'true', NULL),
(13805, 2, 9, 32, 'true', NULL),
(13806, 2, 9, 43, '0', NULL),
(13807, 2, 9, 44, '', NULL),
(13808, 2, 9, 45, '', NULL),
(13809, 2, 9, 46, '', NULL),
(13810, 2, 9, 47, '1500', 1500),
(13811, 2, 9, 48, '1500', 1500),
(13812, 2, 9, 49, '1500', 1500),
(13813, 2, 9, 50, '', NULL),
(13814, 2, 9, 51, '', NULL),
(13815, 2, 9, 9, '0', NULL),
(13816, 2, 9, 12, '', NULL),
(13817, 2, 9, 42, '0', NULL),
(13906, 1, 8, 10, 'Ozalj apartment', NULL),
(13907, 1, 8, 8, 'Lorem ipsum dolor sit amet, consectetur adipiscing elit. Sed vulputate \r\nnec neque gravida rhoncus. Donec sit amet blandit mauris, sed bibendum \r\nrisus. Cras ut urna semper, facilisis augue sed, imperdiet nulla. Duis \r\ntristique tellus tortor, dapibus gravida sem sodales id. Nullam quis \r\nconvallis libero, vitae pulvinar nisi.', NULL),
(13908, 1, 8, 17, '<p>\r\nLorem ipsum dolor sit amet, consectetur adipiscing elit. Sed vulputate \r\nnec neque gravida rhoncus. Donec sit amet blandit mauris, sed bibendum \r\nrisus. Cras ut urna semper, facilisis augue sed, imperdiet nulla. Duis \r\ntristique tellus tortor, dapibus gravida sem sodales id. Nullam quis \r\nconvallis libero, vitae pulvinar nisi.</p><p><span style="font-weight: bold;">Nam eget est facilisis, porta mi \r\nac, ultricies enim. Proin nisi diam, eleifend ac eleifend in, dapibus in\r\n orci. Vestibulum elementum lectus non nisl venenatis, tempus molestie \r\nnisi tempus. Pellentesque facilisis nibh nec purus blandit, id aliquam \r\nlorem fermentum.\r\n</span></p>\r\n<p>\r\n<span style="font-style: italic;">Ut erat lacus, sagittis ac leo eu, molestie mattis libero. Nam sit amet \r\nmassa et magna porttitor eleifend a aliquam nunc. Pellentesque a est a \r\naugue dignissim tristique eu nec augue. Integer pretium sollicitudin \r\ntellus, quis hendrerit nunc accumsan et. Fusce bibendum a neque vel \r\nfringilla. Vivamus viverra enim at purus gravida, in elementum neque \r\neleifend. Curabitur sodales dapibus urna, at mattis lacus eleifend non. \r\nDonec ultricies porta orci eu congue. Nulla sodales arcu a libero \r\naliquet, nec aliquam ante sagittis.</span></p>', NULL),
(13909, 1, 8, 38, 'sold', NULL),
(13910, 1, 8, 6, 'apartment', NULL),
(13911, 1, 8, 1, '0', NULL),
(13912, 1, 8, 4, 'Rent', NULL),
(13913, 1, 8, 2, 'Apartment', NULL),
(13914, 1, 8, 5, 'Gorski Kotar', NULL),
(13915, 1, 8, 7, 'Ozalj', NULL),
(13916, 1, 8, 40, '', NULL),
(13917, 1, 8, 3, 'Less than 50m2', NULL),
(13918, 1, 8, 39, '-', NULL),
(13919, 1, 8, 19, '1', 1),
(13920, 1, 8, 20, '1', 1),
(13921, 1, 8, 36, '', NULL),
(13922, 1, 8, 37, '', NULL),
(13923, 1, 8, 53, '', NULL),
(13924, 1, 8, 21, '0', NULL),
(13925, 1, 8, 22, 'true', NULL),
(13926, 1, 8, 23, '0', NULL),
(13927, 1, 8, 24, 'true', NULL),
(13928, 1, 8, 25, '0', NULL),
(13929, 1, 8, 28, 'true', NULL),
(13930, 1, 8, 29, 'true', NULL),
(13931, 1, 8, 31, 'true', NULL),
(13932, 1, 8, 52, '0', NULL),
(13933, 1, 8, 11, 'true', NULL),
(13934, 1, 8, 30, '0', NULL),
(13935, 1, 8, 27, '0', NULL),
(13936, 1, 8, 33, '0', NULL),
(13937, 1, 8, 32, 'true', NULL),
(13938, 1, 8, 43, '0', NULL),
(13939, 1, 8, 44, '', NULL),
(13940, 1, 8, 45, '', NULL),
(13941, 1, 8, 46, '', NULL),
(13942, 1, 8, 47, '', NULL),
(13943, 1, 8, 48, '', NULL),
(13944, 1, 8, 49, '1200', 1200),
(13945, 1, 8, 50, '1500', 1500),
(13946, 1, 8, 51, '1500', 1500),
(13947, 1, 8, 9, '0', NULL),
(13948, 1, 8, 12, '<iframe width="560" height="315" src="//www.youtube.com/embed/FvMCKrwo8Hc" frameborder="0" allowfullscreen></iframe>', NULL),
(13949, 1, 8, 42, '0', NULL),
(13950, 2, 8, 10, 'Ozalj apartman', NULL),
(13951, 2, 8, 8, 'Lorem ipsum dolor sit amet, consectetur adipiscing elit. Sed vulputate \r\nnec neque gravida rhoncus. Donec sit amet blandit mauris, sed bibendum \r\nrisus. Cras ut urna semper, facilisis augue sed, imperdiet nulla. Duis \r\ntristique tellus tortor, dapibus gravida sem sodales id. Nullam quis \r\nconvallis libero, vitae pulvinar nisi.', NULL),
(13952, 2, 8, 17, '<p>\r\nLorem ipsum dolor sit amet, consectetur adipiscing elit. Sed vulputate \r\nnec neque gravida rhoncus. Donec sit amet blandit mauris, sed bibendum \r\nrisus. Cras ut urna semper, facilisis augue sed, imperdiet nulla. Duis \r\ntristique tellus tortor, dapibus gravida sem sodales id. Nullam quis \r\nconvallis libero, vitae pulvinar nisi.</p><p><span style="font-weight: bold;">Nam eget est facilisis, porta mi \r\nac, ultricies enim. Proin nisi diam, eleifend ac eleifend in, dapibus in\r\n orci. Vestibulum elementum lectus non nisl venenatis, tempus molestie \r\nnisi tempus. Pellentesque facilisis nibh nec purus blandit, id aliquam \r\nlorem fermentum.\r\n</span></p>\r\n<p>\r\n<span style="font-style: italic;">Ut erat lacus, sagittis ac leo eu, molestie mattis libero. Nam sit amet \r\nmassa et magna porttitor eleifend a aliquam nunc. Pellentesque a est a \r\naugue dignissim tristique eu nec augue. Integer pretium sollicitudin \r\ntellus, quis hendrerit nunc accumsan et. Fusce bibendum a neque vel \r\nfringilla. Vivamus viverra enim at purus gravida, in elementum neque \r\neleifend. Curabitur sodales dapibus urna, at mattis lacus eleifend non. \r\nDonec ultricies porta orci eu congue. Nulla sodales arcu a libero \r\naliquet, nec aliquam ante sagittis.</span></p>', NULL),
(13953, 2, 8, 38, 'prodano', NULL),
(13954, 2, 8, 6, 'apartment', NULL),
(13955, 2, 8, 1, '0', NULL),
(13956, 2, 8, 4, 'Najam', NULL),
(13957, 2, 8, 2, 'Stan', NULL),
(13958, 2, 8, 5, 'Gorski Kotar', NULL),
(13959, 2, 8, 7, 'Ozalj', NULL),
(13960, 2, 8, 40, '', NULL),
(13961, 2, 8, 3, 'Manje od 50m2', NULL),
(13962, 2, 8, 39, '-', NULL),
(13963, 2, 8, 19, '1', 1),
(13964, 2, 8, 20, '1', 1),
(13965, 2, 8, 36, '', NULL),
(13966, 2, 8, 37, '', NULL),
(13967, 2, 8, 53, '', NULL),
(13968, 2, 8, 21, '0', NULL),
(13969, 2, 8, 22, 'true', NULL),
(13970, 2, 8, 23, '0', NULL),
(13971, 2, 8, 24, 'true', NULL),
(13972, 2, 8, 25, '0', NULL),
(13973, 2, 8, 28, 'true', NULL),
(13974, 2, 8, 29, 'true', NULL),
(13975, 2, 8, 31, 'true', NULL),
(13976, 2, 8, 52, '0', NULL),
(13977, 2, 8, 11, 'true', NULL),
(13978, 2, 8, 30, '0', NULL),
(13979, 2, 8, 27, '0', NULL),
(13980, 2, 8, 33, '0', NULL),
(13981, 2, 8, 32, 'true', NULL),
(13982, 2, 8, 43, '0', NULL),
(13983, 2, 8, 44, '', NULL),
(13984, 2, 8, 45, '', NULL),
(13985, 2, 8, 46, '', NULL),
(13986, 2, 8, 47, '', NULL),
(13987, 2, 8, 48, '', NULL),
(13988, 2, 8, 49, '1200', 1200),
(13989, 2, 8, 50, '1500', 1500),
(13990, 2, 8, 51, '1500', 1500),
(13991, 2, 8, 9, '0', NULL),
(13992, 2, 8, 12, '<iframe width="560" height="315" src="//www.youtube.com/embed/FvMCKrwo8Hc" frameborder="0" allowfullscreen></iframe>', NULL),
(13993, 2, 8, 42, '0', NULL),
(14082, 1, 29, 10, 'My property', NULL),
(14083, 1, 29, 8, 'Lorem ipsum dolor sit amet, consectetur adipiscing elit. Sed vulputate \r\nnec neque gravida rhoncus. Donec sit amet blandit mauris, sed bibendum \r\nrisus.', NULL),
(14084, 1, 29, 17, '<p>\r\nLorem ipsum dolor sit amet, consectetur adipiscing elit. Sed vulputate \r\nnec neque gravida rhoncus. Donec sit amet blandit mauris, sed bibendum \r\nrisus. Cras ut urna semper, facilisis augue sed, imperdiet nulla. Duis \r\ntristique tellus tortor, dapibus gravida sem sodales id. Nullam quis \r\nconvallis libero, vitae pulvinar nisi.</p><p><span style="font-weight: bold;">Nam eget est facilisis, porta mi \r\nac, ultricies enim. Proin nisi diam, eleifend ac eleifend in, dapibus in\r\n orci. Vestibulum elementum lectus non nisl venenatis, tempus molestie \r\nnisi tempus. Pellentesque facilisis nibh nec purus blandit, id aliquam \r\nlorem fermentum.\r\n</span></p>\r\n<p>\r\n<span style="font-style: italic;">Ut erat lacus, sagittis ac leo eu, molestie mattis libero. Nam sit amet \r\nmassa et magna porttitor eleifend a aliquam nunc. Pellentesque a est a \r\naugue dignissim tristique eu nec augue. Integer pretium sollicitudin \r\ntellus, quis hendrerit nunc accumsan et. Fusce bibendum a neque vel \r\nfringilla. Vivamus viverra enim at purus gravida, in elementum neque \r\neleifend. Curabitur sodales dapibus urna, at mattis lacus eleifend non. \r\nDonec ultricies porta orci eu congue. Nulla sodales arcu a libero \r\naliquet, nec aliquam ante sagittis.</span></p>', NULL),
(14085, 1, 29, 38, 'new', NULL),
(14086, 1, 29, 6, 'house', NULL),
(14087, 1, 29, 1, '0', NULL),
(14088, 1, 29, 4, 'Sale', NULL),
(14089, 1, 29, 2, 'House', NULL),
(14090, 1, 29, 5, 'Varaždinska', NULL),
(14091, 1, 29, 7, 'Cestica', NULL),
(14092, 1, 29, 40, '', NULL),
(14093, 1, 29, 3, '50-100m2', NULL),
(14094, 1, 29, 39, 'D', NULL),
(14095, 1, 29, 19, '2', 2),
(14096, 1, 29, 20, '2', 2),
(14097, 1, 29, 36, '', NULL),
(14098, 1, 29, 37, '', NULL),
(14099, 1, 29, 53, '', NULL),
(14100, 1, 29, 21, '0', NULL),
(14101, 1, 29, 22, 'true', NULL),
(14102, 1, 29, 23, 'true', NULL),
(14103, 1, 29, 24, '0', NULL),
(14104, 1, 29, 25, '0', NULL),
(14105, 1, 29, 28, '0', NULL),
(14106, 1, 29, 29, '0', NULL),
(14107, 1, 29, 31, '0', NULL),
(14108, 1, 29, 52, '0', NULL),
(14109, 1, 29, 11, 'true', NULL),
(14110, 1, 29, 30, '0', NULL),
(14111, 1, 29, 27, '0', NULL),
(14112, 1, 29, 33, '0', NULL),
(14113, 1, 29, 32, '0', NULL),
(14114, 1, 29, 43, '0', NULL),
(14115, 1, 29, 44, '', NULL),
(14116, 1, 29, 45, '', NULL),
(14117, 1, 29, 46, '', NULL),
(14118, 1, 29, 47, '', NULL),
(14119, 1, 29, 48, '', NULL),
(14120, 1, 29, 49, '', NULL),
(14121, 1, 29, 50, '700', 700),
(14122, 1, 29, 51, '700', 700),
(14123, 1, 29, 9, '0', NULL),
(14124, 1, 29, 12, '', NULL),
(14125, 1, 29, 42, '0', NULL),
(14126, 2, 29, 10, 'Moja nekretnina', NULL),
(14127, 2, 29, 8, 'Lorem ipsum dolor sit amet, consectetur adipiscing elit. Sed vulputate \r\nnec neque gravida rhoncus. Donec sit amet blandit mauris, sed bibendum \r\nrisus.', NULL),
(14128, 2, 29, 17, '<p>\r\nLorem ipsum dolor sit amet, consectetur adipiscing elit. Sed vulputate \r\nnec neque gravida rhoncus. Donec sit amet blandit mauris, sed bibendum \r\nrisus. Cras ut urna semper, facilisis augue sed, imperdiet nulla. Duis \r\ntristique tellus tortor, dapibus gravida sem sodales id. Nullam quis \r\nconvallis libero, vitae pulvinar nisi.</p><p><span style="font-weight: bold;">Nam eget est facilisis, porta mi \r\nac, ultricies enim. Proin nisi diam, eleifend ac eleifend in, dapibus in\r\n orci. Vestibulum elementum lectus non nisl venenatis, tempus molestie \r\nnisi tempus. Pellentesque facilisis nibh nec purus blandit, id aliquam \r\nlorem fermentum.\r\n</span></p>\r\n<p>\r\n<span style="font-style: italic;">Ut erat lacus, sagittis ac leo eu, molestie mattis libero. Nam sit amet \r\nmassa et magna porttitor eleifend a aliquam nunc. Pellentesque a est a \r\naugue dignissim tristique eu nec augue. Integer pretium sollicitudin \r\ntellus, quis hendrerit nunc accumsan et. Fusce bibendum a neque vel \r\nfringilla. Vivamus viverra enim at purus gravida, in elementum neque \r\neleifend. Curabitur sodales dapibus urna, at mattis lacus eleifend non. \r\nDonec ultricies porta orci eu congue. Nulla sodales arcu a libero \r\naliquet, nec aliquam ante sagittis.</span></p>', NULL),
(14129, 2, 29, 38, 'novo', NULL),
(14130, 2, 29, 6, 'house', NULL),
(14131, 2, 29, 1, '0', NULL),
(14132, 2, 29, 4, 'Prodaja', NULL),
(14133, 2, 29, 2, 'Kuća', NULL),
(14134, 2, 29, 5, 'Varaždinska', NULL),
(14135, 2, 29, 7, 'Cestica', NULL),
(14136, 2, 29, 40, '', NULL),
(14137, 2, 29, 3, '50-100m2', NULL),
(14138, 2, 29, 39, 'D', NULL),
(14139, 2, 29, 19, '2', 2),
(14140, 2, 29, 20, '2', 2),
(14141, 2, 29, 36, '', NULL),
(14142, 2, 29, 37, '', NULL),
(14143, 2, 29, 53, '', NULL),
(14144, 2, 29, 21, '0', NULL),
(14145, 2, 29, 22, 'true', NULL),
(14146, 2, 29, 23, 'true', NULL),
(14147, 2, 29, 24, '0', NULL),
(14148, 2, 29, 25, '0', NULL),
(14149, 2, 29, 28, '0', NULL),
(14150, 2, 29, 29, '0', NULL),
(14151, 2, 29, 31, '0', NULL),
(14152, 2, 29, 52, '0', NULL),
(14153, 2, 29, 11, 'true', NULL),
(14154, 2, 29, 30, '0', NULL),
(14155, 2, 29, 27, '0', NULL),
(14156, 2, 29, 33, '0', NULL),
(14157, 2, 29, 32, '0', NULL),
(14158, 2, 29, 43, '0', NULL),
(14159, 2, 29, 44, '', NULL),
(14160, 2, 29, 45, '', NULL),
(14161, 2, 29, 46, '', NULL),
(14162, 2, 29, 47, '', NULL),
(14163, 2, 29, 48, '', NULL),
(14164, 2, 29, 49, '', NULL),
(14165, 2, 29, 50, '700', 700),
(14166, 2, 29, 51, '700', 700),
(14167, 2, 29, 9, '0', NULL),
(14168, 2, 29, 12, '', NULL),
(14169, 2, 29, 42, '0', NULL),
(14262, 1, 30, 10, 'Bjelovar estate', NULL),
(14263, 1, 30, 8, 'Lorem ipsum dolor sit amet, consectetur adipiscing elit. Sed vulputate \r\nnec neque gravida rhoncus. Donec sit amet blandit mauris, sed bibendum \r\nrisus.', NULL),
(14264, 1, 30, 17, '<p>\r\nLorem ipsum dolor sit amet, consectetur adipiscing elit. Sed vulputate \r\nnec neque gravida rhoncus. Donec sit amet blandit mauris, sed bibendum \r\nrisus. Cras ut urna semper, facilisis augue sed, imperdiet nulla. Duis \r\ntristique tellus tortor, dapibus gravida sem sodales id. Nullam quis \r\nconvallis libero, vitae pulvinar nisi.</p><p><span style="font-weight: bold;">Nam eget est facilisis, porta mi \r\nac, ultricies enim. Proin nisi diam, eleifend ac eleifend in, dapibus in\r\n orci. Vestibulum elementum lectus non nisl venenatis, tempus molestie \r\nnisi tempus. Pellentesque facilisis nibh nec purus blandit, id aliquam \r\nlorem fermentum.\r\n</span></p>\r\n<p>\r\n<span style="font-style: italic;">Ut erat lacus, sagittis ac leo eu, molestie mattis libero. Nam sit amet \r\nmassa et magna porttitor eleifend a aliquam nunc. Pellentesque a est a \r\naugue dignissim tristique eu nec augue. Integer pretium sollicitudin \r\ntellus, quis hendrerit nunc accumsan et. Fusce bibendum a neque vel \r\nfringilla. Vivamus viverra enim at purus gravida, in elementum neque \r\neleifend. Curabitur sodales dapibus urna, at mattis lacus eleifend non. \r\nDonec ultricies porta orci eu congue. Nulla sodales arcu a libero \r\naliquet, nec aliquam ante sagittis.</span></p>', NULL),
(14265, 1, 30, 38, 'empty', NULL),
(14266, 1, 30, 6, 'apartment', NULL),
(14267, 1, 30, 1, '0', NULL),
(14268, 1, 30, 4, 'Sale', NULL),
(14269, 1, 30, 2, 'Apartment', NULL),
(14270, 1, 30, 5, 'Bjelovarska', NULL),
(14271, 1, 30, 7, 'Bjelovar', NULL),
(14272, 1, 30, 40, '', NULL),
(14273, 1, 30, 3, 'Less than 50m2', NULL),
(14274, 1, 30, 39, '-', NULL),
(14275, 1, 30, 19, '3', 3),
(14276, 1, 30, 20, '3', 3),
(14277, 1, 30, 36, '', NULL),
(14278, 1, 30, 37, '', NULL),
(14279, 1, 30, 55, '', NULL),
(14280, 1, 30, 54, 'Agent', NULL),
(14281, 1, 30, 53, '', NULL),
(14282, 1, 30, 21, '0', NULL),
(14283, 1, 30, 22, 'true', NULL),
(14284, 1, 30, 23, '0', NULL),
(14285, 1, 30, 24, 'true', NULL),
(14286, 1, 30, 25, '0', NULL),
(14287, 1, 30, 28, '0', NULL),
(14288, 1, 30, 29, '0', NULL),
(14289, 1, 30, 31, '0', NULL),
(14290, 1, 30, 52, '0', NULL),
(14291, 1, 30, 11, 'true', NULL),
(14292, 1, 30, 30, '0', NULL),
(14293, 1, 30, 27, '0', NULL),
(14294, 1, 30, 33, '0', NULL),
(14295, 1, 30, 32, '0', NULL),
(14296, 1, 30, 43, '0', NULL),
(14297, 1, 30, 44, '600', 600),
(14298, 1, 30, 45, '600', 600),
(14299, 1, 30, 46, '600', 600),
(14300, 1, 30, 47, '600', 600),
(14301, 1, 30, 48, '', NULL),
(14302, 1, 30, 49, '', NULL),
(14303, 1, 30, 50, '', NULL),
(14304, 1, 30, 51, '', NULL),
(14305, 1, 30, 9, '0', NULL),
(14306, 1, 30, 12, '', NULL),
(14307, 1, 30, 42, '0', NULL),
(14308, 2, 30, 10, 'Bjelovar nekretnina', NULL),
(14309, 2, 30, 8, 'Lorem ipsum dolor sit amet, consectetur adipiscing elit. Sed vulputate \r\nnec neque gravida rhoncus. Donec sit amet blandit mauris, sed bibendum \r\nrisus.', NULL),
(14310, 2, 30, 17, '<p>\r\nLorem ipsum dolor sit amet, consectetur adipiscing elit. Sed vulputate \r\nnec neque gravida rhoncus. Donec sit amet blandit mauris, sed bibendum \r\nrisus. Cras ut urna semper, facilisis augue sed, imperdiet nulla. Duis \r\ntristique tellus tortor, dapibus gravida sem sodales id. Nullam quis \r\nconvallis libero, vitae pulvinar nisi.</p><p><span style="font-weight: bold;">Nam eget est facilisis, porta mi \r\nac, ultricies enim. Proin nisi diam, eleifend ac eleifend in, dapibus in\r\n orci. Vestibulum elementum lectus non nisl venenatis, tempus molestie \r\nnisi tempus. Pellentesque facilisis nibh nec purus blandit, id aliquam \r\nlorem fermentum.\r\n</span></p>\r\n<p>\r\n<span style="font-style: italic;">Ut erat lacus, sagittis ac leo eu, molestie mattis libero. Nam sit amet \r\nmassa et magna porttitor eleifend a aliquam nunc. Pellentesque a est a \r\naugue dignissim tristique eu nec augue. Integer pretium sollicitudin \r\ntellus, quis hendrerit nunc accumsan et. Fusce bibendum a neque vel \r\nfringilla. Vivamus viverra enim at purus gravida, in elementum neque \r\neleifend. Curabitur sodales dapibus urna, at mattis lacus eleifend non. \r\nDonec ultricies porta orci eu congue. Nulla sodales arcu a libero \r\naliquet, nec aliquam ante sagittis.</span></p>', NULL),
(14311, 2, 30, 38, 'empty', NULL),
(14312, 2, 30, 6, 'apartment', NULL),
(14313, 2, 30, 1, '0', NULL),
(14314, 2, 30, 4, 'Prodaja', NULL),
(14315, 2, 30, 2, 'Stan', NULL),
(14316, 2, 30, 5, 'Bjelovarska', NULL),
(14317, 2, 30, 7, 'Bjelovar', NULL),
(14318, 2, 30, 40, '', NULL),
(14319, 2, 30, 3, 'Manje od 50m2', NULL),
(14320, 2, 30, 39, '-', NULL),
(14321, 2, 30, 19, '3', 3),
(14322, 2, 30, 20, '3', 3),
(14323, 2, 30, 36, '', NULL),
(14324, 2, 30, 37, '', NULL),
(14325, 2, 30, 55, '', NULL),
(14326, 2, 30, 54, 'Agent', NULL),
(14327, 2, 30, 53, '', NULL),
(14328, 2, 30, 21, '0', NULL),
(14329, 2, 30, 22, 'true', NULL),
(14330, 2, 30, 23, '0', NULL),
(14331, 2, 30, 24, 'true', NULL),
(14332, 2, 30, 25, '0', NULL),
(14333, 2, 30, 28, '0', NULL),
(14334, 2, 30, 29, '0', NULL),
(14335, 2, 30, 31, '0', NULL),
(14336, 2, 30, 52, '0', NULL),
(14337, 2, 30, 11, 'true', NULL),
(14338, 2, 30, 30, '0', NULL),
(14339, 2, 30, 27, '0', NULL),
(14340, 2, 30, 33, '0', NULL),
(14341, 2, 30, 32, '0', NULL),
(14342, 2, 30, 43, '0', NULL),
(14343, 2, 30, 44, '600', 600),
(14344, 2, 30, 45, '600', 600),
(14345, 2, 30, 46, '600', 600),
(14346, 2, 30, 47, '600', 600),
(14347, 2, 30, 48, '', NULL),
(14348, 2, 30, 49, '', NULL),
(14349, 2, 30, 50, '', NULL),
(14350, 2, 30, 51, '', NULL),
(14351, 2, 30, 9, '0', NULL),
(14352, 2, 30, 12, '', NULL),
(14353, 2, 30, 42, '0', NULL),
(14446, 1, 17, 10, 'Classic American', NULL),
(14447, 1, 17, 8, 'Lorem ipsum dolor sit amet, consectetur adipiscing elit. Sed vulputate \r\nnec neque gravida rhoncus. Donec sit amet blandit mauris, sed bibendum \r\nrisus.', NULL),
(14448, 1, 17, 17, '<p>\r\nLorem ipsum dolor sit amet, consectetur adipiscing elit. Sed vulputate \r\nnec neque gravida rhoncus. Donec sit amet blandit mauris, sed bibendum \r\nrisus. Cras ut urna semper, facilisis augue sed, imperdiet nulla. Duis \r\ntristique tellus tortor, dapibus gravida sem sodales id. Nullam quis \r\nconvallis libero, vitae pulvinar nisi.</p><p><span style="font-weight: bold;">Nam eget est facilisis, porta mi \r\nac, ultricies enim. Proin nisi diam, eleifend ac eleifend in, dapibus in\r\n orci. Vestibulum elementum lectus non nisl venenatis, tempus molestie \r\nnisi tempus. Pellentesque facilisis nibh nec purus blandit, id aliquam \r\nlorem fermentum.\r\n</span></p>\r\n<p>\r\n<span style="font-style: italic;">Ut erat lacus, sagittis ac leo eu, molestie mattis libero. Nam sit amet \r\nmassa et magna porttitor eleifend a aliquam nunc. Pellentesque a est a \r\naugue dignissim tristique eu nec augue. Integer pretium sollicitudin \r\ntellus, quis hendrerit nunc accumsan et. Fusce bibendum a neque vel \r\nfringilla. Vivamus viverra enim at purus gravida, in elementum neque \r\neleifend. Curabitur sodales dapibus urna, at mattis lacus eleifend non. \r\nDonec ultricies porta orci eu congue. Nulla sodales arcu a libero \r\naliquet, nec aliquam ante sagittis.</span></p>', NULL),
(14449, 1, 17, 38, 'empty', NULL),
(14450, 1, 17, 6, 'house', NULL),
(14451, 1, 17, 1, '0', NULL),
(14452, 1, 17, 4, 'Sale', NULL),
(14453, 1, 17, 2, 'House', NULL),
(14454, 1, 17, 5, 'Zagrebačka', NULL),
(14455, 1, 17, 7, 'Ivanić Grad', NULL),
(14456, 1, 17, 40, '', NULL),
(14457, 1, 17, 3, 'Less than 50m2', NULL),
(14458, 1, 17, 39, '-', NULL),
(14459, 1, 17, 19, '1', 1),
(14460, 1, 17, 20, '1', 1),
(14461, 1, 17, 36, '', NULL),
(14462, 1, 17, 37, '', NULL),
(14463, 1, 17, 55, '', NULL),
(14464, 1, 17, 54, 'Agent', NULL),
(14465, 1, 17, 53, '', NULL),
(14466, 1, 17, 21, '0', NULL),
(14467, 1, 17, 22, '0', NULL),
(14468, 1, 17, 23, '0', NULL),
(14469, 1, 17, 24, '0', NULL),
(14470, 1, 17, 25, 'true', NULL),
(14471, 1, 17, 28, '0', NULL),
(14472, 1, 17, 29, '0', NULL),
(14473, 1, 17, 31, '0', NULL),
(14474, 1, 17, 52, '0', NULL),
(14475, 1, 17, 11, '0', NULL),
(14476, 1, 17, 30, '0', NULL),
(14477, 1, 17, 27, '0', NULL),
(14478, 1, 17, 33, '0', NULL),
(14479, 1, 17, 32, '0', NULL),
(14480, 1, 17, 43, '0', NULL),
(14481, 1, 17, 44, '400', 400),
(14482, 1, 17, 45, '', NULL),
(14483, 1, 17, 46, '', NULL),
(14484, 1, 17, 47, '', NULL),
(14485, 1, 17, 48, '', NULL),
(14486, 1, 17, 49, '', NULL),
(14487, 1, 17, 50, '', NULL),
(14488, 1, 17, 51, '', NULL),
(14489, 1, 17, 9, '0', NULL),
(14490, 1, 17, 12, '', NULL),
(14491, 1, 17, 42, '0', NULL),
(14492, 2, 17, 10, 'Američka kuća', NULL),
(14493, 2, 17, 8, 'Lorem ipsum dolor sit amet, consectetur adipiscing elit. Sed vulputate \r\nnec neque gravida rhoncus. Donec sit amet blandit mauris, sed bibendum \r\nrisus.', NULL),
(14494, 2, 17, 17, '<p>\r\nLorem ipsum dolor sit amet, consectetur adipiscing elit. Sed vulputate \r\nnec neque gravida rhoncus. Donec sit amet blandit mauris, sed bibendum \r\nrisus. Cras ut urna semper, facilisis augue sed, imperdiet nulla. Duis \r\ntristique tellus tortor, dapibus gravida sem sodales id. Nullam quis \r\nconvallis libero, vitae pulvinar nisi.</p><p><span style="font-weight: bold;">Nam eget est facilisis, porta mi \r\nac, ultricies enim. Proin nisi diam, eleifend ac eleifend in, dapibus in\r\n orci. Vestibulum elementum lectus non nisl venenatis, tempus molestie \r\nnisi tempus. Pellentesque facilisis nibh nec purus blandit, id aliquam \r\nlorem fermentum.\r\n</span></p>\r\n<p>\r\n<span style="font-style: italic;">Ut erat lacus, sagittis ac leo eu, molestie mattis libero. Nam sit amet \r\nmassa et magna porttitor eleifend a aliquam nunc. Pellentesque a est a \r\naugue dignissim tristique eu nec augue. Integer pretium sollicitudin \r\ntellus, quis hendrerit nunc accumsan et. Fusce bibendum a neque vel \r\nfringilla. Vivamus viverra enim at purus gravida, in elementum neque \r\neleifend. Curabitur sodales dapibus urna, at mattis lacus eleifend non. \r\nDonec ultricies porta orci eu congue. Nulla sodales arcu a libero \r\naliquet, nec aliquam ante sagittis.</span></p>', NULL),
(14495, 2, 17, 38, 'empty', NULL),
(14496, 2, 17, 6, 'house', NULL),
(14497, 2, 17, 1, '0', NULL),
(14498, 2, 17, 4, 'Prodaja', NULL),
(14499, 2, 17, 2, 'Stan', NULL),
(14500, 2, 17, 5, 'zagrebačka', NULL),
(14501, 2, 17, 7, 'Ivanić Grad', NULL),
(14502, 2, 17, 40, '', NULL),
(14503, 2, 17, 3, 'Manje od 50m2', NULL),
(14504, 2, 17, 39, '-', NULL),
(14505, 2, 17, 19, '1', 1),
(14506, 2, 17, 20, '1', 1),
(14507, 2, 17, 36, '', NULL),
(14508, 2, 17, 37, '', NULL),
(14509, 2, 17, 55, '', NULL),
(14510, 2, 17, 54, 'Agent', NULL),
(14511, 2, 17, 53, '', NULL),
(14512, 2, 17, 21, '0', NULL),
(14513, 2, 17, 22, '0', NULL),
(14514, 2, 17, 23, '0', NULL),
(14515, 2, 17, 24, '0', NULL),
(14516, 2, 17, 25, 'true', NULL),
(14517, 2, 17, 28, '0', NULL),
(14518, 2, 17, 29, '0', NULL),
(14519, 2, 17, 31, '0', NULL),
(14520, 2, 17, 52, '0', NULL),
(14521, 2, 17, 11, '0', NULL),
(14522, 2, 17, 30, '0', NULL),
(14523, 2, 17, 27, '0', NULL),
(14524, 2, 17, 33, '0', NULL),
(14525, 2, 17, 32, '0', NULL),
(14526, 2, 17, 43, '0', NULL),
(14527, 2, 17, 44, '400', 400),
(14528, 2, 17, 45, '', NULL),
(14529, 2, 17, 46, '', NULL),
(14530, 2, 17, 47, '', NULL),
(14531, 2, 17, 48, '', NULL),
(14532, 2, 17, 49, '', NULL),
(14533, 2, 17, 50, '', NULL),
(14534, 2, 17, 51, '', NULL),
(14535, 2, 17, 9, '0', NULL),
(14536, 2, 17, 12, '', NULL),
(14537, 2, 17, 42, '0', NULL),
(14632, 1, 14, 10, 'Black glass house', NULL),
(14633, 1, 14, 8, 'Lorem ipsum dolor sit amet, consectetur adipiscing elit. Sed vulputate \r\nnec neque gravida rhoncus. Donec sit amet blandit mauris, sed bibendum \r\nrisus.', NULL),
(14634, 1, 14, 17, '<p>\r\nLorem ipsum dolor sit amet, consectetur adipiscing elit. Sed vulputate \r\nnec neque gravida rhoncus. Donec sit amet blandit mauris, sed bibendum \r\nrisus. Cras ut urna semper, facilisis augue sed, imperdiet nulla. Duis \r\ntristique tellus tortor, dapibus gravida sem sodales id. Nullam quis \r\nconvallis libero, vitae pulvinar nisi.</p><p><span style="font-weight: bold;">Nam eget est facilisis, porta mi \r\nac, ultricies enim. Proin nisi diam, eleifend ac eleifend in, dapibus in\r\n orci. Vestibulum elementum lectus non nisl venenatis, tempus molestie \r\nnisi tempus. Pellentesque facilisis nibh nec purus blandit, id aliquam \r\nlorem fermentum.\r\n</span></p>\r\n<p>\r\n<span style="font-style: italic;">Ut erat lacus, sagittis ac leo eu, molestie mattis libero. Nam sit amet \r\nmassa et magna porttitor eleifend a aliquam nunc. Pellentesque a est a \r\naugue dignissim tristique eu nec augue. Integer pretium sollicitudin \r\ntellus, quis hendrerit nunc accumsan et. Fusce bibendum a neque vel \r\nfringilla. Vivamus viverra enim at purus gravida, in elementum neque \r\neleifend. Curabitur sodales dapibus urna, at mattis lacus eleifend non. \r\nDonec ultricies porta orci eu congue. Nulla sodales arcu a libero \r\naliquet, nec aliquam ante sagittis.</span></p>', NULL),
(14635, 1, 14, 38, 'action', NULL),
(14636, 1, 14, 6, 'house', NULL),
(14637, 1, 14, 56, '5', 5),
(14638, 1, 14, 1, '0', NULL),
(14639, 1, 14, 4, 'Sale', NULL),
(14640, 1, 14, 2, 'House', NULL),
(14641, 1, 14, 5, 'Zagreb', NULL),
(14642, 1, 14, 7, 'Zagreb', NULL),
(14643, 1, 14, 40, '', NULL),
(14644, 1, 14, 3, 'More than 100m2', NULL),
(14645, 1, 14, 39, '-', NULL),
(14646, 1, 14, 19, '2', 2),
(14647, 1, 14, 20, '2', 2),
(14648, 1, 14, 36, '', NULL),
(14649, 1, 14, 37, '', NULL),
(14650, 1, 14, 55, '', NULL),
(14651, 1, 14, 54, 'Owner', NULL),
(14652, 1, 14, 53, '3', 3),
(14653, 1, 14, 21, '0', NULL),
(14654, 1, 14, 22, 'true', NULL),
(14655, 1, 14, 23, 'true', NULL),
(14656, 1, 14, 24, 'true', NULL),
(14657, 1, 14, 25, '0', NULL),
(14658, 1, 14, 28, '0', NULL),
(14659, 1, 14, 29, '0', NULL),
(14660, 1, 14, 31, 'true', NULL),
(14661, 1, 14, 52, '0', NULL),
(14662, 1, 14, 11, 'true', NULL),
(14663, 1, 14, 30, 'true', NULL),
(14664, 1, 14, 27, '0', NULL),
(14665, 1, 14, 33, 'true', NULL),
(14666, 1, 14, 32, 'true', NULL),
(14667, 1, 14, 43, '0', NULL),
(14668, 1, 14, 44, '500', 500),
(14669, 1, 14, 45, '500', 500),
(14670, 1, 14, 46, '500', 500),
(14671, 1, 14, 47, '500', 500),
(14672, 1, 14, 48, '500', 500),
(14673, 1, 14, 49, '500', 500),
(14674, 1, 14, 50, '500', 500),
(14675, 1, 14, 51, '600', 600),
(14676, 1, 14, 9, '0', NULL),
(14677, 1, 14, 12, '', NULL),
(14678, 1, 14, 42, '0', NULL),
(14679, 2, 14, 10, 'Kuća crno staklo', NULL),
(14680, 2, 14, 8, 'Lorem ipsum dolor sit amet, consectetur adipiscing elit. Sed vulputate \r\nnec neque gravida rhoncus. Donec sit amet blandit mauris, sed bibendum \r\nrisus.', NULL),
(14681, 2, 14, 17, '<p>\r\nLorem ipsum dolor sit amet, consectetur adipiscing elit. Sed vulputate \r\nnec neque gravida rhoncus. Donec sit amet blandit mauris, sed bibendum \r\nrisus. Cras ut urna semper, facilisis augue sed, imperdiet nulla. Duis \r\ntristique tellus tortor, dapibus gravida sem sodales id. Nullam quis \r\nconvallis libero, vitae pulvinar nisi.</p><p><span style="font-weight: bold;">Nam eget est facilisis, porta mi \r\nac, ultricies enim. Proin nisi diam, eleifend ac eleifend in, dapibus in\r\n orci. Vestibulum elementum lectus non nisl venenatis, tempus molestie \r\nnisi tempus. Pellentesque facilisis nibh nec purus blandit, id aliquam \r\nlorem fermentum.\r\n</span></p>\r\n<p>\r\n<span style="font-style: italic;">Ut erat lacus, sagittis ac leo eu, molestie mattis libero. Nam sit amet \r\nmassa et magna porttitor eleifend a aliquam nunc. Pellentesque a est a \r\naugue dignissim tristique eu nec augue. Integer pretium sollicitudin \r\ntellus, quis hendrerit nunc accumsan et. Fusce bibendum a neque vel \r\nfringilla. Vivamus viverra enim at purus gravida, in elementum neque \r\neleifend. Curabitur sodales dapibus urna, at mattis lacus eleifend non. \r\nDonec ultricies porta orci eu congue. Nulla sodales arcu a libero \r\naliquet, nec aliquam ante sagittis.</span></p>', NULL),
(14682, 2, 14, 38, 'empty', NULL),
(14683, 2, 14, 6, 'house', NULL),
(14684, 2, 14, 56, '5', 5),
(14685, 2, 14, 1, '0', NULL),
(14686, 2, 14, 4, 'Prodaja', NULL),
(14687, 2, 14, 2, 'Kuća', NULL),
(14688, 2, 14, 5, 'Zagreb', NULL),
(14689, 2, 14, 7, 'Zagreb', NULL),
(14690, 2, 14, 40, '', NULL),
(14691, 2, 14, 3, 'Više od 100m2', NULL),
(14692, 2, 14, 39, '-', NULL),
(14693, 2, 14, 19, '2', 2),
(14694, 2, 14, 20, '2', 2),
(14695, 2, 14, 36, '', NULL),
(14696, 2, 14, 37, '', NULL),
(14697, 2, 14, 55, '', NULL),
(14698, 2, 14, 54, 'Vlasnik', NULL),
(14699, 2, 14, 53, '3', 3),
(14700, 2, 14, 21, '0', NULL),
(14701, 2, 14, 22, 'true', NULL),
(14702, 2, 14, 23, 'true', NULL),
(14703, 2, 14, 24, 'true', NULL),
(14704, 2, 14, 25, '0', NULL),
(14705, 2, 14, 28, '0', NULL),
(14706, 2, 14, 29, '0', NULL),
(14707, 2, 14, 31, 'true', NULL),
(14708, 2, 14, 52, '0', NULL),
(14709, 2, 14, 11, 'true', NULL),
(14710, 2, 14, 30, 'true', NULL),
(14711, 2, 14, 27, '0', NULL),
(14712, 2, 14, 33, 'true', NULL),
(14713, 2, 14, 32, 'true', NULL),
(14714, 2, 14, 43, '0', NULL),
(14715, 2, 14, 44, '500', 500),
(14716, 2, 14, 45, '500', 500),
(14717, 2, 14, 46, '500', 500),
(14718, 2, 14, 47, '500', 500),
(14719, 2, 14, 48, '500', 500),
(14720, 2, 14, 49, '500', 500),
(14721, 2, 14, 50, '500', 500),
(14722, 2, 14, 51, '600', 600),
(14723, 2, 14, 9, '0', NULL),
(14724, 2, 14, 12, '', NULL),
(14725, 2, 14, 42, '0', NULL);

DROP TABLE IF EXISTS `qa`;
CREATE TABLE IF NOT EXISTS `qa` (
  `id` int(11) NOT NULL AUTO_INCREMENT,
  `parent_id` int(11) DEFAULT NULL,
  `order` int(11) DEFAULT NULL,
  `date` datetime DEFAULT NULL,
  `date_modified` datetime DEFAULT NULL,
  `date_publish` datetime DEFAULT NULL,
  `question_user_id` int(11) DEFAULT NULL,
  `type` varchar(45) COLLATE utf8_unicode_ci NOT NULL DEFAULT 'CATEGORY',
  `is_readed` tinyint(1) DEFAULT '0',
  `answer_user_id` int(11) DEFAULT NULL,
  PRIMARY KEY (`id`)
) ENGINE=InnoDB  DEFAULT CHARSET=utf8 COLLATE=utf8_unicode_ci AUTO_INCREMENT=7 ;

INSERT INTO `qa` (`id`, `parent_id`, `order`, `date`, `date_modified`, `date_publish`, `question_user_id`, `type`, `is_readed`, `answer_user_id`) VALUES
(1, 0, 1, '2014-05-08 14:13:45', NULL, NULL, NULL, 'CATEGORY', 0, NULL),
(2, 0, 2, '2014-05-08 14:14:46', NULL, NULL, NULL, 'CATEGORY', 0, NULL),
(4, 1, 2, '2014-05-08 22:22:53', NULL, '2014-05-08 22:22:51', NULL, 'QUESTION', 1, 9),
(5, 2, 2, '2014-05-09 19:58:23', NULL, '2014-05-09 19:58:17', NULL, 'QUESTION', 1, 9),
(6, 1, 2, '2014-06-17 15:33:16', NULL, '2014-06-17 15:32:57', NULL, 'QUESTION', 1, 11);

DROP TABLE IF EXISTS `qa_lang`;
CREATE TABLE IF NOT EXISTS `qa_lang` (
  `id_qa_lang` int(11) NOT NULL AUTO_INCREMENT,
  `qa_id` int(11) NOT NULL,
  `language_id` int(11) NOT NULL,
  `question` text COLLATE utf8_unicode_ci,
  `answer` text COLLATE utf8_unicode_ci,
  `keywords` varchar(160) COLLATE utf8_unicode_ci DEFAULT NULL,
  PRIMARY KEY (`id_qa_lang`),
  KEY `fk_qa_lang_qa1` (`qa_id`),
  KEY `fk_qa_lang_language1` (`language_id`)
) ENGINE=InnoDB  DEFAULT CHARSET=utf8 COLLATE=utf8_unicode_ci AUTO_INCREMENT=63 ;

INSERT INTO `qa_lang` (`id_qa_lang`, `qa_id`, `language_id`, `question`, `answer`, `keywords`) VALUES
(3, 2, 1, 'Landscape Architect', NULL, NULL),
(4, 2, 2, 'Ekspert za okućnice', NULL, NULL),
(5, 1, 1, 'Properties interior expert', NULL, NULL),
(6, 1, 2, 'Ekspert za unutrašnjost nekretnina', NULL, NULL),
(55, 4, 1, 'Lorem ipsum dolor sit amet, consectetur adipiscing elit. Sed vulputate nec neque gravida rhoncus. Donec sit amet blandit mauris, sed bibendum risus?', 'Lorem ipsum dolor sit amet, consectetur adipiscing elit. Sed vulputate nec neque gravida rhoncus. Donec sit amet blandit mauris, sed bibendum risus.', 'kktest'),
(56, 4, 2, 'Lorem ipsum dolor sit amet, consectetur adipiscing elit. Sed vulputate nec neque gravida rhoncus. Donec sit amet blandit mauris, sed bibendum risus?', 'Lorem ipsum dolor sit amet, consectetur adipiscing elit. Sed vulputate nec neque gravida rhoncus. Donec sit amet blandit mauris, sed bibendum risus.', 'kk'),
(59, 6, 1, 'Test', 'Test', 'Test'),
(60, 6, 2, 'Test', 'Test', 'Test'),
(61, 5, 1, 'Lorem ipsum dolor sit amet, consectetur adipiscing elit. Sed vulputate nec neque gravida rhoncus. Donec sit amet blandit mauris, sed bibendum risus?', 'Lorem ipsum dolor sit amet, consectetur adipiscing elit. Sed vulputate nec neque gravida rhoncus. Donec sit amet blandit mauris, sed bibendum risus.', ''),
(62, 5, 2, 'Lorem ipsum dolor sit amet, consectetur adipiscing elit. Sed vulputate nec neque gravida rhoncus. Donec sit amet blandit mauris, sed bibendum risus?', 'Lorem ipsum dolor sit amet, consectetur adipiscing elit. Sed vulputate nec neque gravida rhoncus. Donec sit amet blandit mauris, sed bibendum risus.', '');

DROP TABLE IF EXISTS `rates`;
CREATE TABLE IF NOT EXISTS `rates` (
  `id` int(11) NOT NULL AUTO_INCREMENT,
  `property_id` int(11) NOT NULL,
  `date_from` datetime NOT NULL,
  `date_to` datetime NOT NULL,
  `min_stay` int(11) DEFAULT '1',
  `changeover_day` int(11) DEFAULT '6',
  PRIMARY KEY (`id`)
) ENGINE=InnoDB  DEFAULT CHARSET=utf8 COLLATE=utf8_unicode_ci AUTO_INCREMENT=4 ;

INSERT INTO `rates` (`id`, `property_id`, `date_from`, `date_to`, `min_stay`, `changeover_day`) VALUES
(1, 9, '2014-05-27 00:01:01', '2014-06-27 00:01:01', 7, 6),
(2, 8, '2014-06-01 18:58:29', '2014-07-01 18:58:29', 7, 6),
(3, 8, '2014-07-01 22:46:21', '2014-12-01 22:46:21', 7, 6);

DROP TABLE IF EXISTS `rates_lang`;
CREATE TABLE IF NOT EXISTS `rates_lang` (
  `id` int(11) NOT NULL AUTO_INCREMENT,
  `rates_id` int(11) NOT NULL,
  `language_id` int(11) NOT NULL,
  `rate_nightly` decimal(10,2) DEFAULT NULL,
  `rate_weekly` decimal(10,2) DEFAULT NULL,
  `rate_monthly` decimal(10,2) DEFAULT NULL,
  `currency_code` varchar(10) COLLATE utf8_unicode_ci DEFAULT 'USD' COMMENT 'USD, EUR, HRK...',
  PRIMARY KEY (`id`),
  KEY `fk_raes_lang_rates1` (`rates_id`),
  KEY `fk_raes_lang_language1` (`language_id`)
) ENGINE=InnoDB  DEFAULT CHARSET=utf8 COLLATE=utf8_unicode_ci AUTO_INCREMENT=19 ;

INSERT INTO `rates_lang` (`id`, `rates_id`, `language_id`, `rate_nightly`, `rate_weekly`, `rate_monthly`, `currency_code`) VALUES
(1, 1, 1, '0.00', '100.00', '0.00', '0'),
(2, 1, 2, '0.00', '560.00', '0.00', '2'),
(7, 2, 1, '10.00', '100.00', '1000.00', 'USD'),
(8, 2, 2, '50.00', '500.00', '5000.00', 'HRK'),
(17, 3, 1, '10.00', '100.00', '1000.00', 'USD'),
(18, 3, 2, '50.00', '500.00', '5000.00', 'HRK');

DROP TABLE IF EXISTS `repository`;
CREATE TABLE IF NOT EXISTS `repository` (
  `id` int(11) NOT NULL AUTO_INCREMENT,
  `name` varchar(45) COLLATE utf8_unicode_ci DEFAULT NULL,
  PRIMARY KEY (`id`)
) ENGINE=InnoDB  DEFAULT CHARSET=utf8 COLLATE=utf8_unicode_ci AUTO_INCREMENT=256 ;

INSERT INTO `repository` (`id`, `name`) VALUES
(6, 'user_m'),
(21, 'user_m'),
(22, 'slideshow_m'),
(23, 'page_m'),
(24, 'page_m'),
(25, 'page_m'),
(26, 'page_m'),
(27, 'estate_m'),
(28, 'estate_m'),
(29, 'estate_m'),
(30, 'estate_m'),
(31, 'estate_m'),
(32, 'estate_m'),
(33, 'estate_m'),
(34, 'estate_m'),
(35, 'estate_m'),
(36, 'estate_m'),
(37, 'estate_m'),
(38, 'estate_m'),
(39, 'estate_m'),
(40, 'page_m'),
(41, 'page_m'),
(42, 'page_m'),
(43, 'page_m'),
(44, 'page_m'),
(45, 'page_m'),
(46, 'page_m'),
(47, 'page_m'),
(48, 'page_m'),
(49, 'page_m'),
(50, 'page_m'),
(51, 'page_m'),
(52, 'page_m'),
(53, 'page_m'),
(54, 'page_m'),
(55, 'page_m'),
(56, 'page_m'),
(57, 'page_m'),
(58, 'page_m'),
(59, 'page_m'),
(60, 'page_m'),
(61, 'page_m'),
(62, 'page_m'),
(63, 'page_m'),
(64, 'page_m'),
(65, 'page_m'),
(66, 'page_m'),
(67, 'page_m'),
(68, 'page_m'),
(69, 'page_m'),
(70, 'page_m'),
(71, 'page_m'),
(72, 'page_m'),
(73, 'page_m'),
(74, 'page_m'),
(75, 'page_m'),
(76, 'page_m'),
(77, 'page_m'),
(78, 'page_m'),
(79, 'page_m'),
(80, 'page_m'),
(81, 'page_m'),
(82, 'page_m'),
(83, 'page_m'),
(84, 'page_m'),
(85, 'page_m'),
(86, 'page_m'),
(87, 'page_m'),
(88, 'page_m'),
(89, 'page_m'),
(90, 'page_m'),
(91, 'page_m'),
(92, 'page_m'),
(93, 'page_m'),
(94, 'page_m'),
(95, 'page_m'),
(96, 'page_m'),
(97, 'page_m'),
(98, 'page_m'),
(99, 'page_m'),
(100, 'page_m'),
(101, 'page_m'),
(102, 'page_m'),
(103, 'page_m'),
(104, 'page_m'),
(105, 'page_m'),
(106, 'page_m'),
(107, 'page_m'),
(108, 'page_m'),
(109, 'page_m'),
(110, 'page_m'),
(111, 'page_m'),
(112, 'page_m'),
(113, 'page_m'),
(114, 'page_m'),
(115, 'page_m'),
(116, 'page_m'),
(117, 'page_m'),
(118, 'page_m'),
(119, 'page_m'),
(120, 'page_m'),
(121, 'page_m'),
(122, 'page_m'),
(123, 'page_m'),
(124, 'page_m'),
(125, 'page_m'),
(126, 'page_m'),
(127, 'page_m'),
(128, 'page_m'),
(129, 'page_m'),
(130, 'page_m'),
(131, 'page_m'),
(132, 'page_m'),
(133, 'page_m'),
(134, 'page_m'),
(135, 'page_m'),
(136, 'page_m'),
(137, 'page_m'),
(138, 'page_m'),
(139, 'page_m'),
(140, 'page_m'),
(141, 'page_m'),
(142, 'page_m'),
(143, 'page_m'),
(144, 'page_m'),
(145, 'page_m'),
(146, 'page_m'),
(147, 'page_m'),
(148, 'page_m'),
(149, 'page_m'),
(150, 'page_m'),
(151, 'page_m'),
(152, 'page_m'),
(153, 'page_m'),
(154, 'page_m'),
(155, 'page_m'),
(156, 'page_m'),
(157, 'page_m'),
(158, 'page_m'),
(159, 'page_m'),
(160, 'page_m'),
(161, 'page_m'),
(162, 'page_m'),
(163, 'page_m'),
(164, 'page_m'),
(165, 'page_m'),
(166, 'page_m'),
(167, 'page_m'),
(168, 'page_m'),
(169, 'page_m'),
(170, 'page_m'),
(171, 'page_m'),
(172, 'page_m'),
(173, 'page_m'),
(174, 'page_m'),
(175, 'page_m'),
(176, 'page_m'),
(177, 'page_m'),
(178, 'page_m'),
(179, 'page_m'),
(180, 'page_m'),
(181, 'page_m'),
(182, 'page_m'),
(183, 'page_m'),
(184, 'user_m'),
(185, 'user_m'),
(186, 'user_m'),
(187, 'page_m'),
(195, 'estate_m'),
(196, 'user_m'),
(197, 'estate_m'),
(199, 'page_m'),
(200, 'page_m'),
(201, 'page_m'),
(202, 'page_m'),
(203, 'page_m'),
(207, 'page_m'),
(208, 'page_m'),
(209, 'page_m'),
(210, 'page_m'),
(211, 'page_m'),
(212, 'ads_m'),
(213, 'ads_m'),
(214, 'ads_m'),
(215, 'ads_m'),
(216, 'ads_m'),
(217, 'ads_m'),
(218, 'ads_m'),
(219, 'ads_m'),
(220, 'ads_m'),
(221, 'ads_m'),
(222, 'ads_m'),
(223, 'ads_m'),
(224, 'ads_m'),
(225, 'ads_m'),
(226, 'ads_m'),
(227, 'ads_m'),
(228, 'ads_m'),
(229, 'ads_m'),
(230, 'ads_m'),
(231, 'ads_m'),
(232, 'ads_m'),
(233, 'ads_m'),
(234, 'ads_m'),
(235, 'ads_m'),
(238, 'ads_m'),
(239, 'ads_m'),
(240, 'page_m'),
(241, 'showroom_m'),
(242, 'page_m'),
(243, 'showroom_m'),
(244, 'showroom_m'),
(245, 'page_m'),
(246, 'page_m'),
(247, 'user_m'),
(248, 'page_m'),
(249, 'page_m'),
(250, 'page_m'),
(251, 'page_m'),
(252, 'page_m'),
(253, 'page_m'),
(254, 'user_m'),
(255, 'page_m');

DROP TABLE IF EXISTS `reservations`;
CREATE TABLE IF NOT EXISTS `reservations` (
  `id` int(11) NOT NULL AUTO_INCREMENT,
  `user_id` int(11) NOT NULL,
  `property_id` int(11) NOT NULL,
  `date_from` datetime NOT NULL,
  `date_to` datetime NOT NULL,
  `total_price` decimal(10,2) DEFAULT NULL,
  `currency_code` varchar(10) COLLATE utf8_unicode_ci DEFAULT 'USD',
  `date_paid_advance` datetime DEFAULT NULL,
  `date_paid_total` datetime DEFAULT NULL,
  `total_paid` decimal(10,2) DEFAULT NULL,
  `is_confirmed` tinyint(1) DEFAULT '0',
  PRIMARY KEY (`id`),
  KEY `fk_reservations_user1` (`user_id`)
) ENGINE=InnoDB  DEFAULT CHARSET=utf8 COLLATE=utf8_unicode_ci AUTO_INCREMENT=9 ;

INSERT INTO `reservations` (`id`, `user_id`, `property_id`, `date_from`, `date_to`, `total_price`, `currency_code`, `date_paid_advance`, `date_paid_total`, `total_paid`, `is_confirmed`) VALUES
(3, 1, 8, '2014-06-07 19:07:38', '2014-06-14 19:07:38', '500.00', 'HRK', NULL, NULL, '0.00', 1),
(7, 18, 8, '2014-07-12 00:00:00', '2014-07-19 00:00:00', '100.00', 'USD', NULL, NULL, '0.00', 0),
(8, 21, 8, '2014-06-21 00:00:00', '2014-06-28 00:00:00', '100.00', 'USD', NULL, NULL, '0.00', 0);

DROP TABLE IF EXISTS `reviews`;
CREATE TABLE IF NOT EXISTS `reviews` (
  `id` int(11) NOT NULL AUTO_INCREMENT,
  `listing_id` int(11) DEFAULT NULL,
  `user_id` int(11) DEFAULT NULL,
  `stars` int(11) DEFAULT NULL,
  `message` text COLLATE utf8_unicode_ci,
  `is_visible` tinyint(1) DEFAULT NULL,
  `date_publish` datetime DEFAULT NULL,
  PRIMARY KEY (`id`)
) ENGINE=InnoDB  DEFAULT CHARSET=utf8 COLLATE=utf8_unicode_ci AUTO_INCREMENT=5 ;

INSERT INTO `reviews` (`id`, `listing_id`, `user_id`, `stars`, `message`, `is_visible`, `date_publish`) VALUES
(2, 14, 8, 4, 'Maecenas id efficitur augue. Nulla nec urna congue, accumsan tellus eget, varius nulla. ', 1, '2014-09-15 22:55:00'),
(3, 14, 9, 2, 'Lorem ipsum dolor sit amet, consectetur adipiscing elit. Donec ultrices, quam vitae volutpat rutrum, dui tellus posuere velit, vitae porta lectus orci sed lectus.', 1, '2014-09-18 23:29:26'),
(4, 9, 8, 4, 'Test message', 1, '2014-09-28 19:48:17');

DROP TABLE IF EXISTS `settings`;
CREATE TABLE IF NOT EXISTS `settings` (
  `id` int(11) NOT NULL AUTO_INCREMENT,
  `field` varchar(100) COLLATE utf8_unicode_ci DEFAULT NULL,
  `value` text COLLATE utf8_unicode_ci,
  PRIMARY KEY (`id`)
) ENGINE=InnoDB  DEFAULT CHARSET=utf8 COLLATE=utf8_unicode_ci AUTO_INCREMENT=725 ;

INSERT INTO `settings` (`id`, `field`, `value`) VALUES
(245, 'address', 'Ilica 345, HR-10000 Zagreb 1'),
(246, 'gps', '45.8129663, 15.976036000000022'),
(247, 'email', 'sandi.winter@gmail.com'),
(248, 'email_alert', '0'),
(249, 'phone', '+385 (0)1 123 321'),
(250, 'fax', '+385 (0)1 123 322'),
(251, 'address_footer', '<b>Estate</b>Point<br />\r\nReal estate agency from Croatia<br />\r\nIlica 345<br />\r\nHR-10000 Zagreb'),
(653, 'rating_enabled', '1'),
(693, 'noreply', 'webform@my-website.com'),
(694, 'zoom', '8'),
(695, 'paypal_email', 'sandi.winter@gmail.com'),
(696, 'listing_expiry_days', '0'),
(697, 'activation_price', '5'),
(698, 'featured_price', '10'),
(699, 'default_currency', 'USD'),
(700, 'adsense728_90', '<script async src="//pagead2.googlesyndication.com/pagead/js/adsbygoogle.js"></script>\r\n<!-- Real estate responsive -->\r\n<ins class="adsbygoogle"\r\n     style="display:block"\r\n     data-ad-client="ca-pub-6994200887384132"\r\n     data-ad-slot="6454101571"\r\n     data-ad-format="auto"></ins>\r\n<script>\r\n(adsbygoogle = window.adsbygoogle || []).push({});\r\n</script>'),
(701, 'adsense160_600', '<script async src="//pagead2.googlesyndication.com/pagead/js/adsbygoogle.js"></script>\r\n<!-- Real estate right -->\r\n<ins class="adsbygoogle"\r\n     style="display:inline-block;width:160px;height:600px"\r\n     data-ad-client="ca-pub-6994200887384132"\r\n     data-ad-slot="7090863570"></ins>\r\n<script>\r\n(adsbygoogle = window.adsbygoogle || []).push({});\r\n</script>'),
(702, 'reviews_enabled', '1'),
(703, 'reviews_public_visible_enabled', '1'),
(704, 'withdrawal_details', 'IBAN: HR43 2340009 3207462177<br/>\r\nSWIFT: PBZGHR2X'),
(720, 'template', 'bootstrap2-responsive'),
(721, 'tracking', '<script type="text/javascript">\r\n\r\n  var _gaq = _gaq || [];\r\n  _gaq.push([''_setAccount'', ''UA-683342-5'']);\r\n  _gaq.push([''_trackPageview'']);\r\n\r\n  (function() {\r\n    var ga = document.createElement(''script''); ga.type = ''text/javascript''; ga.async = true;\r\n    ga.src = (''https:'' == document.location.protocol ? ''https://ssl'' : ''http://www'') + ''.google-analytics.com/ga.js'';\r\n    var s = document.getElementsByTagName(''script'')[0]; s.parentNode.insertBefore(ga, s);\r\n  })();\r\n\r\n</script>'),
(722, 'facebook', '<!-- AddThis Button BEGIN -->\r\n<div class="addthis_toolbox addthis_default_style addthis_32x32_style">\r\n<a class="addthis_button_facebook">\r\n    <div class="custom-icon at15t_facebook"> </div>\r\n</a>\r\n<a class="addthis_button_twitter">\r\n    <div class="custom-icon at15t_twitter"> </div>\r\n</a>\r\n<a class="addthis_button_google_plusone_share">\r\n    <div class="custom-icon at15t_google_plusone_share"> </div>\r\n</a>\r\n</div>\r\n<script type="text/javascript">var addthis_config = {"data_track_addressbar":false};</script>\r\n<script type="text/javascript" src="//s7.addthis.com/js/300/addthis_widget.js#pubid=sandiwinter"></script>\r\n<!-- AddThis Button END -->'),
(723, 'facebook_jsdk', '<div id="fb-root"></div>\r\n<script>(function(d, s, id) {\r\n  var js, fjs = d.getElementsByTagName(s)[0];\r\n  if (d.getElementById(id)) return;\r\n  js = d.createElement(s); js.id = id;\r\n  js.src = "//connect.facebook.net/hr_HR/sdk.js#xfbml=1&appId=349715428511591&version=v2.0";\r\n  fjs.parentNode.insertBefore(js, fjs);\r\n}(document, ''script'', ''facebook-jssdk''));</script>'),
(724, 'facebook_comments', '<div class="fb-comments" data-href="http://example.com/comments" data-width="100%" data-numposts="5" data-colorscheme="light"></div>');

DROP TABLE IF EXISTS `showroom`;
CREATE TABLE IF NOT EXISTS `showroom` (
  `id` int(11) NOT NULL AUTO_INCREMENT,
  `parent_id` int(11) DEFAULT NULL,
  `order` int(11) DEFAULT NULL,
  `type` varchar(45) COLLATE utf8_unicode_ci NOT NULL DEFAULT 'CATEGORY',
  `date` datetime DEFAULT NULL,
  `date_modified` datetime DEFAULT NULL,
  `date_publish` datetime DEFAULT NULL,
  `template` varchar(100) COLLATE utf8_unicode_ci DEFAULT NULL,
  `slug` varchar(160) COLLATE utf8_unicode_ci DEFAULT NULL,
  `repository_id` int(11) DEFAULT NULL,
  `gps` varchar(100) COLLATE utf8_unicode_ci DEFAULT NULL,
  `address` varchar(200) COLLATE utf8_unicode_ci DEFAULT NULL,
  `contact_email` varchar(100) COLLATE utf8_unicode_ci DEFAULT NULL,
  PRIMARY KEY (`id`)
) ENGINE=InnoDB  DEFAULT CHARSET=utf8 COLLATE=utf8_unicode_ci AUTO_INCREMENT=7 ;

INSERT INTO `showroom` (`id`, `parent_id`, `order`, `type`, `date`, `date_modified`, `date_publish`, `template`, `slug`, `repository_id`, `gps`, `address`, `contact_email`) VALUES
(1, 0, 1, 'CATEGORY', '2014-04-26 14:15:16', NULL, NULL, NULL, NULL, NULL, NULL, NULL, NULL),
(2, 0, 3, 'CATEGORY', '2014-04-26 14:17:59', NULL, NULL, NULL, NULL, NULL, NULL, NULL, NULL),
(3, 1, 2, 'CATEGORY', '2014-04-26 14:22:01', NULL, NULL, NULL, NULL, NULL, NULL, NULL, NULL),
(4, 3, 2, 'COMPANY', '2014-04-26 20:20:17', NULL, '2014-04-26 20:16:59', 'showroom_company', NULL, 241, '46.36667726352153, 16.1281658000305', 'Cestica, Croatia', 'tire-repair@mydomain.com'),
(5, 1, 2, 'COMPANY', '2014-04-28 20:36:54', NULL, '2014-04-28 20:35:41', 'showroom_company', NULL, 243, '45.8020205655489, 16.156422732031274', 'Zagreb, Croatia', 'sandi.winter@gmail.com'),
(6, 2, 3, 'COMPANY', '2014-04-28 20:40:48', NULL, '2014-04-28 20:39:54', 'showroom_company', NULL, 244, '46.38895474076167, 16.0408969904297', 'zavrč, slovenia', 'zavrc@mydomain.com');

DROP TABLE IF EXISTS `showroom_lang`;
CREATE TABLE IF NOT EXISTS `showroom_lang` (
  `id_showroom_lang` int(11) NOT NULL AUTO_INCREMENT,
  `showroom_id` int(11) NOT NULL,
  `language_id` int(11) NOT NULL,
  `title` varchar(160) COLLATE utf8_unicode_ci DEFAULT NULL,
  `window_title` varchar(160) COLLATE utf8_unicode_ci DEFAULT NULL,
  `body` text COLLATE utf8_unicode_ci NOT NULL,
  `description` text COLLATE utf8_unicode_ci,
  `keywords` varchar(200) COLLATE utf8_unicode_ci DEFAULT NULL,
  PRIMARY KEY (`id_showroom_lang`),
  KEY `fk_showroom_lang_showroom1` (`showroom_id`),
  KEY `fk_showroom_lang_language1` (`language_id`)
) ENGINE=InnoDB  DEFAULT CHARSET=utf8 COLLATE=utf8_unicode_ci AUTO_INCREMENT=19 ;

INSERT INTO `showroom_lang` (`id_showroom_lang`, `showroom_id`, `language_id`, `title`, `window_title`, `body`, `description`, `keywords`) VALUES
(1, 1, 1, 'Car services', 'Car services', '', 'Car services', 'Car services'),
(2, 1, 2, 'Car services', 'Car services', '', 'Car services', 'Car services'),
(3, 2, 1, 'Real estate services', 'Real estate services', '', '', 'Real estate services'),
(4, 2, 2, 'Real estate services', 'Real estate services', '', '', 'Real estate services'),
(5, 3, 1, 'Tire repairs', 'Tire repairs', '', '', 'Tire repairs'),
(6, 3, 2, 'Vulkanizer', 'Vulkanizer', '', '', 'Vulkanizer'),
(13, 6, 1, 'Estate sellers', 'Estate sellers', '<p>\r\nLorem ipsum dolor sit amet, consectetur adipiscing elit. Sed vulputate \r\nnec neque gravida rhoncus. Donec sit amet blandit mauris, sed bibendum \r\nrisus. Cras ut urna semper, facilisis augue sed, imperdiet nulla. Duis \r\ntristique tellus tortor, dapibus gravida sem sodales id. Nullam quis \r\nconvallis libero, vitae pulvinar nisi.</p><p><span style="font-weight: bold;">Nam eget est facilisis, porta mi \r\nac, ultricies enim. Proin nisi diam, eleifend ac eleifend in, dapibus in\r\n orci. Vestibulum elementum lectus non nisl venenatis, tempus molestie \r\nnisi tempus. Pellentesque facilisis nibh nec purus blandit, id aliquam \r\nlorem fermentum.\r\n</span></p>\r\n<p>\r\n<span style="font-style: italic;">Ut erat lacus, sagittis ac leo eu, molestie mattis libero. Nam sit amet \r\nmassa et magna porttitor eleifend a aliquam nunc. Pellentesque a est a \r\naugue dignissim tristique eu nec augue. Integer pretium sollicitudin \r\ntellus, quis hendrerit nunc accumsan et. Fusce bibendum a neque vel \r\nfringilla. Vivamus viverra enim at purus gravida, in elementum neque \r\neleifend. Curabitur sodales dapibus urna, at mattis lacus eleifend non. \r\nDonec ultricies porta orci eu congue. Nulla sodales arcu a libero \r\naliquet, nec aliquam ante sagittis.</span></p>', 'Lorem ipsum dolor sit amet, consectetur adipiscing elit. Sed vulputate nec neque gravida rhoncus. Donec sit amet blandit mauris, sed bibendum risus.', 'Estate sellers'),
(14, 6, 2, 'Estate sellers', 'Estate sellers', '<p>\r\nLorem ipsum dolor sit amet, consectetur adipiscing elit. Sed vulputate \r\nnec neque gravida rhoncus. Donec sit amet blandit mauris, sed bibendum \r\nrisus. Cras ut urna semper, facilisis augue sed, imperdiet nulla. Duis \r\ntristique tellus tortor, dapibus gravida sem sodales id. Nullam quis \r\nconvallis libero, vitae pulvinar nisi.</p><p><span style="font-weight: bold;">Nam eget est facilisis, porta mi \r\nac, ultricies enim. Proin nisi diam, eleifend ac eleifend in, dapibus in\r\n orci. Vestibulum elementum lectus non nisl venenatis, tempus molestie \r\nnisi tempus. Pellentesque facilisis nibh nec purus blandit, id aliquam \r\nlorem fermentum.\r\n</span></p>\r\n<p>\r\n<span style="font-style: italic;">Ut erat lacus, sagittis ac leo eu, molestie mattis libero. Nam sit amet \r\nmassa et magna porttitor eleifend a aliquam nunc. Pellentesque a est a \r\naugue dignissim tristique eu nec augue. Integer pretium sollicitudin \r\ntellus, quis hendrerit nunc accumsan et. Fusce bibendum a neque vel \r\nfringilla. Vivamus viverra enim at purus gravida, in elementum neque \r\neleifend. Curabitur sodales dapibus urna, at mattis lacus eleifend non. \r\nDonec ultricies porta orci eu congue. Nulla sodales arcu a libero \r\naliquet, nec aliquam ante sagittis.</span></p>', 'Lorem ipsum dolor sit amet, consectetur adipiscing elit. Sed vulputate nec neque gravida rhoncus. Donec sit amet blandit mauris, sed bibendum risus.', 'Estate sellers'),
(15, 4, 1, 'Vulkanizer d.o.o.', 'Vulkanizer d.o.o.', '<p>\r\nLorem ipsum dolor sit amet, consectetur adipiscing elit. Sed vulputate \r\nnec neque gravida rhoncus. Donec sit amet blandit mauris, sed bibendum \r\nrisus. Cras ut urna semper, facilisis augue sed, imperdiet nulla. Duis \r\ntristique tellus tortor, dapibus gravida sem sodales id. Nullam quis \r\nconvallis libero, vitae pulvinar nisi.</p><p><span style="font-weight: bold;">Nam eget est facilisis, porta mi \r\nac, ultricies enim. Proin nisi diam, eleifend ac eleifend in, dapibus in\r\n orci. Vestibulum elementum lectus non nisl venenatis, tempus molestie \r\nnisi tempus. Pellentesque facilisis nibh nec purus blandit, id aliquam \r\nlorem fermentum.\r\n</span></p>\r\n<p>\r\n<span style="font-style: italic;">Ut erat lacus, sagittis ac leo eu, molestie mattis libero. Nam sit amet \r\nmassa et magna porttitor eleifend a aliquam nunc. Pellentesque a est a \r\naugue dignissim tristique eu nec augue. Integer pretium sollicitudin \r\ntellus, quis hendrerit nunc accumsan et. Fusce bibendum a neque vel \r\nfringilla. Vivamus viverra enim at purus gravida, in elementum neque \r\neleifend. Curabitur sodales dapibus urna, at mattis lacus eleifend non. \r\nDonec ultricies porta orci eu congue. Nulla sodales arcu a libero \r\naliquet, nec aliquam ante sagittis.</span></p>', 'Lorem ipsum dolor sit amet, consectetur adipiscing elit. Sed vulputate nec neque gravida rhoncus. Donec sit amet blandit mauris, sed bibendum risus.', 'tire repair, cestica, company,car'),
(16, 4, 2, 'Vulkanizer d.o.o.', 'Vulkanizer d.o.o.', '<p>\r\nLorem ipsum dolor sit amet, consectetur adipiscing elit. Sed vulputate \r\nnec neque gravida rhoncus. Donec sit amet blandit mauris, sed bibendum \r\nrisus. Cras ut urna semper, facilisis augue sed, imperdiet nulla. Duis \r\ntristique tellus tortor, dapibus gravida sem sodales id. Nullam quis \r\nconvallis libero, vitae pulvinar nisi.</p><p><span style="font-weight: bold;">Nam eget est facilisis, porta mi \r\nac, ultricies enim. Proin nisi diam, eleifend ac eleifend in, dapibus in\r\n orci. Vestibulum elementum lectus non nisl venenatis, tempus molestie \r\nnisi tempus. Pellentesque facilisis nibh nec purus blandit, id aliquam \r\nlorem fermentum.\r\n</span></p>\r\n<p>\r\n<span style="font-style: italic;">Ut erat lacus, sagittis ac leo eu, molestie mattis libero. Nam sit amet \r\nmassa et magna porttitor eleifend a aliquam nunc. Pellentesque a est a \r\naugue dignissim tristique eu nec augue. Integer pretium sollicitudin \r\ntellus, quis hendrerit nunc accumsan et. Fusce bibendum a neque vel \r\nfringilla. Vivamus viverra enim at purus gravida, in elementum neque \r\neleifend. Curabitur sodales dapibus urna, at mattis lacus eleifend non. \r\nDonec ultricies porta orci eu congue. Nulla sodales arcu a libero \r\naliquet, nec aliquam ante sagittis.</span></p>', 'Lorem ipsum dolor sit amet, consectetur adipiscing elit. Sed vulputate nec neque gravida rhoncus. Donec sit amet blandit mauris, sed bibendum risus.', 'vulkanizer, cestica,car'),
(17, 5, 1, 'Towing service ltd', 'Towing service ltd', '<p>\r\nLorem ipsum dolor sit amet, consectetur adipiscing elit. Sed vulputate \r\nnec neque gravida rhoncus. Donec sit amet blandit mauris, sed bibendum \r\nrisus. Cras ut urna semper, facilisis augue sed, imperdiet nulla. Duis \r\ntristique tellus tortor, dapibus gravida sem sodales id. Nullam quis \r\nconvallis libero, vitae pulvinar nisi.</p><p><span style="font-weight: bold;">Nam eget est facilisis, porta mi \r\nac, ultricies enim. Proin nisi diam, eleifend ac eleifend in, dapibus in\r\n orci. Vestibulum elementum lectus non nisl venenatis, tempus molestie \r\nnisi tempus. Pellentesque facilisis nibh nec purus blandit, id aliquam \r\nlorem fermentum.\r\n</span></p>\r\n<p>\r\n<span style="font-style: italic;">Ut erat lacus, sagittis ac leo eu, molestie mattis libero. Nam sit amet \r\nmassa et magna porttitor eleifend a aliquam nunc. Pellentesque a est a \r\naugue dignissim tristique eu nec augue. Integer pretium sollicitudin \r\ntellus, quis hendrerit nunc accumsan et. Fusce bibendum a neque vel \r\nfringilla. Vivamus viverra enim at purus gravida, in elementum neque \r\neleifend. Curabitur sodales dapibus urna, at mattis lacus eleifend non. \r\nDonec ultricies porta orci eu congue. Nulla sodales arcu a libero \r\naliquet, nec aliquam ante sagittis.</span></p>', 'Lorem ipsum dolor sit amet, consectetur adipiscing elit. Sed vulputate nec neque gravida rhoncus. Donec sit amet blandit mauris, sed bibendum risus.', 'towing,car,service'),
(18, 5, 2, 'Towing service ltd', 'Towing service ltd', '<p>\r\nLorem ipsum dolor sit amet, consectetur adipiscing elit. Sed vulputate \r\nnec neque gravida rhoncus. Donec sit amet blandit mauris, sed bibendum \r\nrisus. Cras ut urna semper, facilisis augue sed, imperdiet nulla. Duis \r\ntristique tellus tortor, dapibus gravida sem sodales id. Nullam quis \r\nconvallis libero, vitae pulvinar nisi.</p><p><span style="font-weight: bold;">Nam eget est facilisis, porta mi \r\nac, ultricies enim. Proin nisi diam, eleifend ac eleifend in, dapibus in\r\n orci. Vestibulum elementum lectus non nisl venenatis, tempus molestie \r\nnisi tempus. Pellentesque facilisis nibh nec purus blandit, id aliquam \r\nlorem fermentum.\r\n</span></p>\r\n<p>\r\n<span style="font-style: italic;">Ut erat lacus, sagittis ac leo eu, molestie mattis libero. Nam sit amet \r\nmassa et magna porttitor eleifend a aliquam nunc. Pellentesque a est a \r\naugue dignissim tristique eu nec augue. Integer pretium sollicitudin \r\ntellus, quis hendrerit nunc accumsan et. Fusce bibendum a neque vel \r\nfringilla. Vivamus viverra enim at purus gravida, in elementum neque \r\neleifend. Curabitur sodales dapibus urna, at mattis lacus eleifend non. \r\nDonec ultricies porta orci eu congue. Nulla sodales arcu a libero \r\naliquet, nec aliquam ante sagittis.</span></p>', 'Lorem ipsum dolor sit amet, consectetur adipiscing elit. Sed vulputate nec neque gravida rhoncus. Donec sit amet blandit mauris, sed bibendum risus.', 'towing,car,service');

DROP TABLE IF EXISTS `slideshow`;
CREATE TABLE IF NOT EXISTS `slideshow` (
  `id` int(11) NOT NULL AUTO_INCREMENT,
  `repository_id` int(11) DEFAULT NULL,
  `date` datetime DEFAULT NULL,
  PRIMARY KEY (`id`)
) ENGINE=InnoDB  DEFAULT CHARSET=utf8 COLLATE=utf8_unicode_ci AUTO_INCREMENT=3 ;

INSERT INTO `slideshow` (`id`, `repository_id`, `date`) VALUES
(2, 22, '2013-12-29 11:53:16');

DROP TABLE IF EXISTS `update_debug`;
CREATE TABLE IF NOT EXISTS `update_debug` (
  `id` int(11) NOT NULL AUTO_INCREMENT,
  `version` varchar(45) COLLATE utf8_unicode_ci DEFAULT NULL,
  `message` text COLLATE utf8_unicode_ci,
  PRIMARY KEY (`id`)
) ENGINE=InnoDB  DEFAULT CHARSET=utf8 COLLATE=utf8_unicode_ci AUTO_INCREMENT=2 ;

INSERT INTO `update_debug` (`id`, `version`, `message`) VALUES
(1, '1.5.1', 'initial update_debug message');

DROP TABLE IF EXISTS `user`;
CREATE TABLE IF NOT EXISTS `user` (
  `id` int(11) NOT NULL AUTO_INCREMENT,
  `username` varchar(45) COLLATE utf8_unicode_ci DEFAULT NULL,
  `password` varchar(45) COLLATE utf8_unicode_ci DEFAULT NULL,
  `name_surname` varchar(100) COLLATE utf8_unicode_ci DEFAULT NULL,
  `address` text COLLATE utf8_unicode_ci,
  `description` text COLLATE utf8_unicode_ci,
  `phone` varchar(45) COLLATE utf8_unicode_ci DEFAULT NULL,
  `mail` varchar(100) COLLATE utf8_unicode_ci DEFAULT NULL,
  `last_login` datetime DEFAULT NULL,
  `registration_date` datetime DEFAULT NULL,
  `type` varchar(10) COLLATE utf8_unicode_ci DEFAULT NULL COMMENT 'ADMIN\nAGENT\nUSER',
  `language` varchar(20) COLLATE utf8_unicode_ci DEFAULT NULL,
  `repository_id` int(11) DEFAULT NULL,
  `activated` tinyint(1) DEFAULT '0',
  `qa_id` int(11) DEFAULT NULL,
  `package_id` int(11) DEFAULT '0',
  `package_last_payment` datetime DEFAULT NULL,
  `facebook_id` varchar(45) COLLATE utf8_unicode_ci DEFAULT NULL,
  PRIMARY KEY (`id`)
) ENGINE=InnoDB  DEFAULT CHARSET=utf8 COLLATE=utf8_unicode_ci AUTO_INCREMENT=26 ;

INSERT INTO `user` (`id`, `username`, `password`, `name_surname`, `address`, `description`, `phone`, `mail`, `last_login`, `registration_date`, `type`, `language`, `repository_id`, `activated`, `qa_id`, `package_id`, `package_last_payment`, `facebook_id`) VALUES
(1, 'sandi.winter', '22f720e163', 'Sandi Winter', 'Vinogradska 15', '', '+385 (0)98 734 513', 'sandi@winter.hr', '2014-06-14 16:44:09', '2013-11-21 11:17:27', 'ADMIN', 'english', 6, 1, NULL, 0, NULL, NULL),
(8, 'admin', 'a114285c9e', 'Admin', '', '', '+385 (0)91 234 654', 'admin@admin.admin', '2014-10-09 13:47:02', '2013-12-29 11:39:04', 'ADMIN', 'english', 186, 1, 0, 0, NULL, ''),
(9, 'agent', '782c9a0f0c', 'Kety Springs', 'Vinogradska 14', '', '+385 (0)91 123 321', 'kety@estatepoint.com', '2014-09-18 23:28:36', '2013-12-29 11:40:16', 'AGENT', 'english', 21, 1, 2, 0, NULL, NULL),
(10, 'lazobiskup', 'lazobiskup', 'Lazo Biškup', 'Ilica 234, Zagreb', 'Agent Hrvatska', '+385 (0)98 676 565', 'lazo@estatepoint.com', NULL, '2014-01-05 14:44:11', 'AGENT', 'english', 184, 1, NULL, 0, NULL, NULL),
(11, 'peropetric', 'peropetric', 'Pero Petrić', 'Varaždinska 34, Varaždin', 'Agent Sjeverozapad', '+385 (0)92 123 321', 'pero@estatepoint.com', NULL, '2014-01-05 14:47:58', 'AGENT', 'english', 185, 1, 1, 0, NULL, NULL),
(18, 'user', 'f341be9a30', 'Test user', '', 'My description 2', '', 'user@estate-point.com', '2014-10-09 12:08:56', '2014-01-26 12:23:26', 'USER', 'croatian', 196, 1, 0, 1, '2014-06-05 12:29:02', '0'),
(21, 'user007', '560d1e7a02', 'Imenko Prezimenović', '', '', '', 'user007@gemail.com', '2014-06-03 18:45:48', '2014-06-03 18:45:48', 'USER', 'croatian', 247, 1, 0, 0, NULL, NULL),
(22, 'tagent2', '04cc1cdfc0', 'test agent 2', '', '', '', 'tagent2@myproperties.com', NULL, '2014-07-11 20:52:32', 'AGENT', 'croatian', 254, 0, 1, 0, NULL, NULL),
(24, 'sandi@winter.hr', 'ca2bb5de9d', 'Sandi Winter', NULL, '', NULL, 'sandi@winter.hr', '2014-08-12 15:23:53', '2014-08-12 15:23:53', 'USER', '', NULL, 1, NULL, 1, NULL, 'https://www.facebook.com/app_scoped_user_id/1');


ALTER TABLE `enquire`
  ADD CONSTRAINT `fk_enquire_property1` FOREIGN KEY (`property_id`) REFERENCES `property` (`id`) ON DELETE NO ACTION ON UPDATE NO ACTION;

ALTER TABLE `file`
  ADD CONSTRAINT `fk_file_repository1` FOREIGN KEY (`repository_id`) REFERENCES `repository` (`id`) ON DELETE NO ACTION ON UPDATE NO ACTION;

ALTER TABLE `option_lang`
  ADD CONSTRAINT `fk_option_lang_language1` FOREIGN KEY (`language_id`) REFERENCES `language` (`id`) ON DELETE NO ACTION ON UPDATE NO ACTION,
  ADD CONSTRAINT `fk_option_lang_option1` FOREIGN KEY (`option_id`) REFERENCES `option` (`id`) ON DELETE NO ACTION ON UPDATE NO ACTION;

ALTER TABLE `page_lang`
  ADD CONSTRAINT `fk_page_language10` FOREIGN KEY (`language_id`) REFERENCES `language` (`id`) ON DELETE NO ACTION ON UPDATE NO ACTION,
  ADD CONSTRAINT `fk_page_lang_page1` FOREIGN KEY (`page_id`) REFERENCES `page` (`id`) ON DELETE NO ACTION ON UPDATE NO ACTION;

ALTER TABLE `property_user`
  ADD CONSTRAINT `fk_property_has_user_property1` FOREIGN KEY (`property_id`) REFERENCES `property` (`id`) ON DELETE NO ACTION ON UPDATE NO ACTION,
  ADD CONSTRAINT `fk_property_has_user_user1` FOREIGN KEY (`user_id`) REFERENCES `user` (`id`) ON DELETE NO ACTION ON UPDATE NO ACTION;

ALTER TABLE `property_value`
  ADD CONSTRAINT `fk_property_value_language1` FOREIGN KEY (`language_id`) REFERENCES `language` (`id`) ON DELETE NO ACTION ON UPDATE NO ACTION,
  ADD CONSTRAINT `fk_property_value_option1` FOREIGN KEY (`option_id`) REFERENCES `option` (`id`) ON DELETE NO ACTION ON UPDATE NO ACTION,
  ADD CONSTRAINT `fk_property_value_property1` FOREIGN KEY (`property_id`) REFERENCES `property` (`id`) ON DELETE NO ACTION ON UPDATE NO ACTION;

ALTER TABLE `qa_lang`
  ADD CONSTRAINT `fk_qa_lang_language1` FOREIGN KEY (`language_id`) REFERENCES `language` (`id`) ON DELETE NO ACTION ON UPDATE NO ACTION,
  ADD CONSTRAINT `fk_qa_lang_qa1` FOREIGN KEY (`qa_id`) REFERENCES `qa` (`id`) ON DELETE NO ACTION ON UPDATE NO ACTION;

ALTER TABLE `rates_lang`
  ADD CONSTRAINT `fk_raes_lang_language1` FOREIGN KEY (`language_id`) REFERENCES `language` (`id`) ON DELETE NO ACTION ON UPDATE NO ACTION,
  ADD CONSTRAINT `fk_raes_lang_rates1` FOREIGN KEY (`rates_id`) REFERENCES `rates` (`id`) ON DELETE NO ACTION ON UPDATE NO ACTION;

ALTER TABLE `reservations`
  ADD CONSTRAINT `fk_reservations_user1` FOREIGN KEY (`user_id`) REFERENCES `user` (`id`) ON DELETE NO ACTION ON UPDATE NO ACTION;

ALTER TABLE `showroom_lang`
  ADD CONSTRAINT `fk_showroom_lang_language1` FOREIGN KEY (`language_id`) REFERENCES `language` (`id`) ON DELETE NO ACTION ON UPDATE NO ACTION,
  ADD CONSTRAINT `fk_showroom_lang_showroom1` FOREIGN KEY (`showroom_id`) REFERENCES `showroom` (`id`) ON DELETE NO ACTION ON UPDATE NO ACTION;

